index,bitmask,num_features,mean_accuracy,mean_time,penalized_fitness
1,000000001,1,0.7878048848,0.08813527925,0.7766937737
2,000000010,1,0.8757621963,0.0863469597,0.8646510851
3,000000011,2,0.893902434,0.1188580212,0.8716802118
4,000000100,1,0.9094512276,0.06868225115,0.8983401165
5,000000101,2,0.9044207372,0.07468588371,0.882198515
6,000000110,2,0.9178353697,0.1008892676,0.8956131475
7,000000111,3,0.9213414732,0.1769612008,0.8880081399
8,000001000,1,0.9012195114,0.0953759877,0.8901084003
9,000001001,2,0.9167682994,0.1331997535,0.8945460772
10,000001010,2,0.9445121922,0.1083079919,0.9222899699
11,000001011,3,0.9513719436,0.1420441959,0.9180386102
12,000001100,2,0.9342987817,0.1145905149,0.9120765595
13,000001101,3,0.9356707335,0.3014179626,0.9023374001
14,000001110,3,0.9452743828,0.2012516796,0.9119410495
15,000001111,4,0.9467987716,0.2596095148,0.9023543272
16,000010000,1,0.8800304849,0.0962131978,0.8689193738
17,000010001,2,0.8894816972,0.1499703776,0.867259475
18,000010010,2,0.9048780557,0.1242320742,0.8826558335
19,000010011,3,0.9097560961,0.1301706852,0.8764227627
20,000010100,2,0.916006105,0.1150037684,0.8937838828
21,000010101,3,0.9280487876,0.1438165735,0.8947154543
22,000010110,3,0.9240853731,0.1162337693,0.8907520397
23,000010111,4,0.9347560983,0.1537364139,0.8903116539
24,000011000,2,0.9400914628,0.1224767463,0.9178692406
25,000011001,3,0.9463414568,0.1495797473,0.9130081235
26,000011010,3,0.9474085309,0.166096261,0.9140751975
27,000011011,4,0.9495426714,0.1951567573,0.905098227
28,000011100,3,0.9434451163,0.1445199884,0.9101117829
29,000011101,4,0.951067064,0.1539091161,0.9066226195
30,000011110,4,0.9535060879,0.1916021421,0.9090616434
31,000011111,5,0.9507621899,0.2732690205,0.8952066344
32,000100000,1,0.8641768359,0.1044695501,0.8530657248
33,000100001,2,0.8849085364,0.1405141028,0.8626863142
34,000100010,2,0.9111280553,0.1001502015,0.8889058331
35,000100011,3,0.9163109809,0.1255413797,0.8829776476
36,000100100,2,0.9050304871,0.1029281626,0.8828082649
37,000100101,3,0.9213414732,0.1178390123,0.8880081399
38,000100110,3,0.9329268336,0.1262098874,0.8995935003
39,000100111,4,0.9327743929,0.170628381,0.8883299484
40,000101000,2,0.9376524407,0.09235404083,0.9154302185
41,000101001,3,0.9443597533,0.2578364955,0.9110264199
42,000101010,3,0.955487797,0.1481546445,0.9221544637
43,000101011,4,0.9513719436,0.1703410912,0.9069274991
44,000101100,3,0.9384146333,0.1604029066,0.9050812999
45,000101101,4,0.9461890161,0.1590515091,0.9017445717
46,000101110,4,0.9539634064,0.1775657085,0.9095189619
47,000101111,5,0.9513719473,0.1973781134,0.8958163917
48,000110000,2,0.9140243977,0.09490588191,0.8918021755
49,000110001,3,0.9184451289,0.1473816759,0.8851117956
50,000110010,3,0.9269817118,0.1555463769,0.8936483784
51,000110011,4,0.926524397,0.1556108566,0.8820799525
52,000110100,3,0.9237804934,0.1129184102,0.8904471601
53,000110101,4,0.9317073226,0.1503448677,0.8872628782
54,000110110,4,0.9384146333,0.1622000067,0.8939701888
55,000110111,5,0.9394817054,0.1547308483,0.8839261499
56,000111000,3,0.9454268273,0.1453281161,0.912093494
57,000111001,4,0.9443597514,0.1744129988,0.899915307
58,000111010,4,0.9541158453,0.1998991431,0.9096714008
59,000111011,5,0.9528963305,0.1926716072,0.897340775
60,000111100,4,0.9525914546,0.1621299409,0.9081470102
61,000111101,5,0.9515243843,0.1722416603,0.8959688288
62,000111110,5,0.9538109656,0.2270585177,0.8982554101
63,000111111,6,0.9544207286,0.2803421966,0.8877540619
64,001000000,1,0.9262195174,0.09079117677,0.9151084063
65,001000001,2,0.9350609761,0.1252497334,0.9128387539
66,001000010,2,0.9518292602,0.09929567995,0.929607038
67,001000011,3,0.9541158434,0.1536063617,0.9207825101
68,001000100,2,0.947560966,0.2287352863,0.9253387438
69,001000101,3,0.949695114,0.1974406161,0.9163617807
70,001000110,3,0.9445121922,0.1709114732,0.9111788588
71,001000111,4,0.9454268254,0.1695544343,0.900982381
72,001001000,2,0.9495426752,0.1139507112,0.9273204529
73,001001001,3,0.953048775,0.1462754204,0.9197154416
74,001001010,3,0.9570121821,0.1378696063,0.9236788488
75,001001011,4,0.9623475578,0.1703412908,0.9179031133
76,001001100,3,0.9522865731,0.1880639463,0.9189532398
77,001001101,4,0.9611280505,0.2220115,0.916683606
78,001001110,4,0.9573170636,0.2032758179,0.9128726191
79,001001111,5,0.962957317,0.2229459747,0.9074017615
80,001010000,2,0.9368902445,0.1682704333,0.9146680223
81,001010001,3,0.9440548755,0.1765820705,0.9107215422
82,001010010,3,0.9452743866,0.1904831256,0.9119410532
83,001010011,4,0.9489329197,0.2551624496,0.9044884752
84,001010100,3,0.9432926793,0.1912370785,0.9099593459
85,001010101,4,0.949542677,0.1903469744,0.9050982326
86,001010110,4,0.9498475529,0.2009678534,0.9054031085
87,001010111,5,0.9501524288,0.2489087577,0.8945968733
88,001011000,3,0.9570121896,0.1966020344,0.9236788562
89,001011001,4,0.958079258,0.2149465061,0.9136348135
90,001011010,4,0.9618902393,0.2218290572,0.9174457948
91,001011011,5,0.9626524337,0.2549881525,0.9070968781
92,001011100,4,0.9571646284,0.2256155275,0.912720184
93,001011101,5,0.9603658449,0.2507782625,0.9048102893
94,001011110,5,0.9580792617,0.2609661664,0.9025237061
95,001011111,6,0.9603658505,0.4629407227,0.8936991838
96,001100000,2,0.9330792725,0.09982250445,0.9108570503
97,001100001,3,0.9439024366,0.1496965196,0.9105691033
98,001100010,3,0.9480182808,0.1166399249,0.9146849475
99,001100011,4,0.9495426733,0.1583316922,0.9050982289
100,001100100,3,0.9481707253,0.1504776806,0.9148373919
101,001100101,4,0.9471036494,0.1847556052,0.9026592049
102,001100110,4,0.9516768195,0.1653954163,0.907232375
103,001100111,5,0.9515243843,0.1856543748,0.8959688288
104,001101000,3,0.9568597451,0.1185564424,0.9235264118
105,001101001,4,0.9583841395,0.1598443775,0.913939695
106,001101010,4,0.9589938987,0.1349909608,0.9145494543
107,001101011,5,0.9643292632,0.1645711297,0.9087737076
108,001101100,4,0.9585365746,0.1886128322,0.9140921302
109,001101101,5,0.9626524318,0.2083265451,0.9070968762
110,001101110,5,0.9606707301,0.2040525535,0.9051151745
111,001101111,6,0.958993895,0.2237674175,0.8923272283
112,001110000,3,0.9481707234,0.1940589957,0.9148373901
113,001110001,4,0.9504573084,0.1746187271,0.906012864
114,001110010,4,0.9474085346,0.1818423038,0.9029640901
115,001110011,5,0.9527438954,0.1939238748,0.8971883398
116,001110100,4,0.9464938957,0.2140967343,0.9020494513
117,001110101,5,0.9518292584,0.210091874,0.8962737028
118,001110110,5,0.9516768213,0.2225226476,0.8961212658
119,001110111,6,0.9516768157,0.2266518502,0.8850101491
120,001111000,4,0.9544207193,0.2454422717,0.9099762749
121,001111001,5,0.9562499933,0.3466811553,0.9006944377
122,001111010,5,0.9635670725,0.3054453623,0.908011517
123,001111011,6,0.9626524355,0.2404932803,0.8959857689
124,001111100,5,0.9573170636,0.2322485391,0.901761508
125,001111101,6,0.9565548748,0.2541114357,0.8898882081
126,001111110,6,0.9554878008,0.2875207094,0.8888211341
127,001111111,7,0.9617378041,0.3252968704,0.8839600263
128,010000000,1,0.9323170781,0.08404751134,0.921205967
129,010000001,2,0.9335365873,0.1010586498,0.9113143651
130,010000010,2,0.9394817092,0.1096591135,0.9172594869
131,010000011,3,0.9347560965,0.1501262328,0.9014227631
132,010000100,2,0.9396341462,0.1636577162,0.9174119239
133,010000101,3,0.9432926811,0.1673714092,0.9099593478
134,010000110,3,0.9411585312,0.1737534327,0.9078251979
135,010000111,4,0.9429878015,0.1987346318,0.8985433571
136,010001000,2,0.9556402415,0.08872172865,0.9334180193
137,010001001,3,0.9589938968,0.1376599907,0.9256605635
138,010001010,3,0.9580792598,0.1175190397,0.9247459265
139,010001011,4,0.9586890135,0.1512846262,0.9142445691
140,010001100,3,0.9544207212,0.1939722262,0.9210873878
141,010001101,4,0.9608231671,0.193762437,0.9163787227
142,010001110,4,0.9562499933,0.2010135157,0.9118055489
143,010001111,5,0.9640243854,0.2269113725,0.9084688299
144,010010000,2,0.9355182927,0.1628878268,0.9132960705
145,010010001,3,0.943597557,0.1669537378,0.9102642237
146,010010010,3,0.9370426815,0.1859965373,0.9037093482
147,010010011,4,0.9367378037,0.1958240762,0.8922933593
148,010010100,3,0.9419207256,0.2030755011,0.9085873923
149,010010101,4,0.9435975533,0.2027544379,0.8991531089
150,010010110,4,0.9428353608,0.4122778447,0.8983909163
151,010010111,5,0.9432926774,0.2769849757,0.8877371218
152,010011000,3,0.9513719399,0.2329935927,0.9180386065
153,010011001,4,0.955487797,0.2314127795,0.9110433526
154,010011010,4,0.9570121877,0.2396545438,0.9125677432
155,010011011,5,0.9644817039,0.2534072064,0.9089261484
156,010011100,4,0.9596036505,0.2749188193,0.9151592061
157,010011101,5,0.9608231653,0.2573634591,0.9052676097
158,010011110,5,0.9586890191,0.2851446816,0.9031334635
159,010011111,6,0.9618902393,0.2912165942,0.8952235726
160,010100000,2,0.9399390239,0.09322097432,0.9177168017
161,010100001,3,0.926981708,0.1333965359,0.8936483747
162,010100010,3,0.9460365772,0.1228090909,0.9127032439
163,010100011,4,0.9469512142,0.1452375506,0.9025067698
164,010100100,3,0.9356707316,0.1803958965,0.9023373983
165,010100101,4,0.9425304867,0.182659965,0.8980860423
166,010100110,4,0.9381097537,0.1851869859,0.8936653092
167,010100111,5,0.9480182845,0.1973982276,0.892462729
168,010101000,3,0.9556402303,0.1283902619,0.922306897
169,010101001,4,0.9554877914,0.1521936124,0.911043347
170,010101010,4,0.9583841376,0.1237906108,0.9139396932
171,010101011,5,0.961890243,0.1561283367,0.9063346874
172,010101100,4,0.9548780415,0.1772159359,0.9104335971
173,010101101,5,0.9568597469,0.2084413404,0.9013041914
174,010101110,5,0.9596036505,0.2229905166,0.9040480949
175,010101111,6,0.9585365672,0.2318464871,0.8918699005
176,010110000,3,0.9341463428,0.2078121302,0.9008130095
177,010110001,4,0.9394817054,0.2004012102,0.895037261
178,010110010,4,0.9370426852,0.3352389857,0.8925982408
179,010110011,5,0.9410060942,0.2424715101,0.8854505387
180,010110100,4,0.9402438998,0.2270922111,0.8957994554
181,010110101,5,0.9463414587,0.2437225715,0.8907859032
182,010110110,5,0.9414634127,0.2396552637,0.8859078572
183,010110111,6,0.9443597514,0.2673205337,0.8776930848
184,010111000,4,0.9567073099,0.2421766864,0.9122628655
185,010111001,5,0.957012184,0.2482354445,0.9014566284
186,010111010,5,0.9589938968,0.2682068814,0.9034383413
187,010111011,6,0.9594512116,0.279120577,0.8927845449
188,010111100,5,0.9551829174,0.2635214692,0.8996273619
189,010111101,6,0.9599085283,0.3050948284,0.8932418616
190,010111110,6,0.9559451174,0.3044974832,0.8892784507
191,010111111,7,0.963719504,0.2866767156,0.8859417262
192,011000000,2,0.9504573103,0.1211086311,0.9282350881
193,011000001,3,0.9471036512,0.1576919009,0.9137703179
194,011000010,3,0.9448170681,0.1295389787,0.9114837347
195,011000011,4,0.9493902363,0.1929078563,0.9049457918
196,011000100,3,0.9515243825,0.1577226631,0.9181910491
197,011000101,4,0.9516768213,0.1970114671,0.9072323769
198,011000110,4,0.9498475567,0.191795771,0.9054031122
199,011000111,5,0.9521341417,0.2270386657,0.8965785861
200,011001000,3,0.955487797,0.1316828153,0.9221544637
201,011001001,4,0.9567073155,0.1810487332,0.9122628711
202,011001010,4,0.9612804782,0.149196442,0.9168360337
203,011001011,5,0.959146332,0.1784309237,0.9035907764
204,011001100,4,0.9535060935,0.2112389025,0.909061649
205,011001101,5,0.9605182856,0.3885932574,0.9049627301
206,011001110,5,0.9589938931,0.2441969891,0.9034383376
207,011001111,6,0.9615853634,0.2859955677,0.8949186967
208,011010000,3,0.9487804789,0.2195109283,0.9154471456
209,011010001,4,0.9481707271,0.2154377233,0.9037262827
210,011010010,4,0.9449695069,0.2644167612,0.9005250625
211,011010011,5,0.9449695051,0.2340317885,0.8894139495
212,011010100,4,0.952439012,0.2385208402,0.9079945676
213,011010101,5,0.954268286,0.2557268739,0.8987127304
214,011010110,5,0.9489329215,0.2694390733,0.893377366
215,011010111,6,0.9525914565,0.2840391258,0.8859247898
216,011011000,4,0.9560975544,0.2577285054,0.91165311
217,011011001,5,0.9579268228,0.2819200605,0.9023712673
218,011011010,5,0.958841458,0.2987742741,0.9032859024
219,011011011,6,0.9600609709,0.3007806377,0.8933943042
220,011011100,5,0.9589938931,0.2710625273,0.9034383376
221,011011101,6,0.9602134116,0.300388671,0.8935467449
222,011011110,6,0.9573170654,0.3343018061,0.8906503988
223,011011111,7,0.959298769,0.3238683129,0.8815209912
224,011100000,3,0.9408536591,0.1201759358,0.9075203257
225,011100001,4,0.9452743847,0.1662776889,0.9008299402
226,011100010,4,0.9487804808,0.1625480801,0.9043360363
227,011100011,5,0.9506097492,0.1793539175,0.8950541936
228,011100100,4,0.9510670714,0.1718315468,0.906622627
229,011100101,5,0.9513719473,0.2044244306,0.8958163917
230,011100110,5,0.9544207174,0.2009842331,0.8988651619
231,011100111,6,0.9519817065,0.2285920731,0.8853150399
232,011101000,4,0.9621951152,0.2219230887,0.9177506707
233,011101001,5,0.9603658449,0.268123046,0.9048102893
234,011101010,5,0.9644817039,0.206266609,0.9089261484
235,011101011,6,0.9592987709,0.1924978569,0.8926321042
236,011101100,5,0.9617378004,0.2343629976,0.9061822448
237,011101101,6,0.9591463376,0.2640092028,0.8924796709
238,011101110,6,0.9606707245,0.2395493905,0.8940040578
239,011101111,7,0.9621951133,0.2638499523,0.8844173355
240,011110000,4,0.9474085271,0.2333530094,0.9029640827
241,011110001,5,0.9440548718,0.2607987896,0.8884993162
242,011110010,5,0.9455792625,0.2814117442,0.8900237069
243,011110011,6,0.9530487731,0.2716712286,0.8863821064
244,011110100,5,0.9503048733,0.2641298291,0.8947493177
245,011110101,6,0.9474085309,0.2499909932,0.8807418642
246,011110110,6,0.9506097473,0.2641389403,0.8839430807
247,011110111,7,0.9538109675,0.2866593562,0.8760331897
248,011111000,5,0.9550304767,0.2725362466,0.8994749211
249,011111001,6,0.958993895,0.3032088177,0.8923272283
250,011111010,6,0.9603658486,0.2909253226,0.8936991819
251,011111011,7,0.9612804838,0.3173386743,0.883502706
252,011111100,6,0.964176828,0.316163627,0.8975101614
253,011111101,7,0.9640243892,0.2906484376,0.8862466114
254,011111110,7,0.9605182894,0.3400172121,0.8827405116
255,011111111,8,0.9632621948,0.4130405989,0.8743733059
256,100000000,1,0.8653963432,0.05144251033,0.8542852321
257,100000001,2,0.8830792718,0.09909134312,0.8608570495
258,100000010,2,0.9272865914,0.1128509992,0.9050643692
259,100000011,3,0.9335365873,0.1357063192,0.9002032539
260,100000100,2,0.9440548718,0.2004308952,0.9218326496
261,100000101,3,0.9481707271,0.1661854191,0.9148373938
262,100000110,3,0.9503048733,0.1506545902,0.91697154
263,100000111,4,0.9487804864,0.1450051651,0.9043360419
264,100001000,2,0.9495426789,0.1157485445,0.9273204567
265,100001001,3,0.9512195047,0.1273183418,0.9178861714
266,100001010,3,0.9663109817,0.1359270001,0.9329776483
267,100001011,4,0.9620426763,0.1646921253,0.9175982318
268,100001100,3,0.9647865798,0.1379161642,0.9314532465
269,100001101,4,0.963262191,0.1545369336,0.9188177466
270,100001110,4,0.9641768225,0.171474142,0.919732378
271,100001111,5,0.9682926834,0.1738470579,0.9127371278
272,100010000,2,0.9314024411,0.09646097757,0.9091802189
273,100010001,3,0.936280489,0.1366260718,0.9029471556
274,100010010,3,0.9408536572,0.1183711295,0.9075203239
275,100010011,4,0.9417682886,0.1271214618,0.8973238442
276,100010100,3,0.9513719417,0.1391151226,0.9180386084
277,100010101,4,0.9528963342,0.1554693631,0.9084518898
278,100010110,4,0.9477134068,0.1614845553,0.9032689623
279,100010111,5,0.9499999974,0.1593395183,0.8944444418
280,100011000,3,0.9574695043,0.1384578615,0.924136171
281,100011001,4,0.9638719484,0.1484918948,0.919427504
282,100011010,4,0.9623475503,0.1541509838,0.9179031059
283,100011011,5,0.9660060965,0.1543926708,0.9104505409
284,100011100,4,0.9644817002,0.1660791668,0.9200372558
285,100011101,5,0.9692073204,0.1706519304,0.9136517648
286,100011110,5,0.9696646333,0.1719646058,0.9141090777
287,100011111,6,0.9652439002,0.1928226636,0.8985772335
288,100100000,2,0.9224085417,0.09756062739,0.9001863194
289,100100001,3,0.9368902445,0.1236085924,0.9035569112
290,100100010,3,0.9499999899,0.1336969913,0.9166666566
291,100100011,4,0.9493902382,0.206504555,0.9049457937
292,100100100,3,0.9576219451,0.1772560109,0.9242886117
293,100100101,4,0.9577743821,0.1677137092,0.9133299376
294,100100110,4,0.9550304823,0.1726385914,0.9105860378
295,100100111,5,0.9528963305,0.1877222597,0.897340775
296,100101000,3,0.9603658449,0.1424966599,0.9270325116
297,100101001,4,0.9582317006,0.1647070954,0.9137872561
298,100101010,4,0.9635670781,0.1536765499,0.9191226337
299,100101011,5,0.9684451278,0.1646855306,0.9128895723
300,100101100,4,0.9623475503,0.1672059349,0.9179031059
301,100101101,5,0.9657012131,0.1904032845,0.9101456576
302,100101110,5,0.9657012187,0.1828945968,0.9101456631
303,100101111,6,0.9673780538,0.2067371374,0.9007113871
304,100110000,3,0.9338414669,0.1354449289,0.9005081336
305,100110001,4,0.9381097574,0.1583164767,0.8936653129
306,100110010,4,0.9446646273,0.140418421,0.9002201829
307,100110011,5,0.9420731664,0.1512810998,0.8865176108
308,100110100,4,0.957926821,0.1752202315,0.9134823765
309,100110101,5,0.9530487731,0.1871497701,0.8974932176
310,100110110,5,0.952591449,0.1832640478,0.8970358935
311,100110111,6,0.9535060879,0.1921334574,0.8868394212
312,100111000,4,0.9676829297,0.1558179194,0.9232384853
313,100111001,5,0.963109754,0.167221989,0.9075541985
314,100111010,5,0.9621951208,0.1824102593,0.9066395652
315,100111011,6,0.9631097522,0.1866992847,0.8964430855
316,100111100,5,0.9669207297,0.1835955237,0.9113651742
317,100111101,6,0.9661585316,0.1998526342,0.8994918649
318,100111110,6,0.9657012206,0.1994900974,0.8990345539
319,100111111,7,0.9637195077,0.3759361217,0.8859417299
320,101000000,2,0.9503048677,0.1123269997,0.9280826455
321,101000001,3,0.953048775,0.1407439543,0.9197154416
322,101000010,3,0.9539634027,0.1114213858,0.9206300693
323,101000011,4,0.9560975581,0.1510076611,0.9116531137
324,101000100,3,0.9624999966,0.1362094213,0.9291666633
325,101000101,4,0.9565548692,0.1581497551,0.9121104247
326,101000110,4,0.9586890172,0.1529696728,0.9142445728
327,101000111,5,0.9611280449,0.1737721614,0.9055724893
328,101001000,3,0.9661585353,0.1314932012,0.932825202
329,101001001,4,0.9663109742,0.1626024148,0.9218665298
330,101001010,4,0.9649390206,0.1500430945,0.9204945761
331,101001011,5,0.9695122056,0.1774945036,0.91395665
332,101001100,4,0.9624999929,0.1707430179,0.9180555485
333,101001101,5,0.9678353649,0.1775467619,0.9122798093
334,101001110,5,0.9672256075,0.1807405879,0.9116700519
335,101001111,6,0.9673780575,0.2185122878,0.9007113909
336,101010000,3,0.9498475567,0.1365595176,0.9165142233
337,101010001,4,0.9527438916,0.1580627062,0.9082994472
338,101010010,4,0.9530487694,0.1827030429,0.9086043249
339,101010011,5,0.9528963324,0.1730788327,0.8973407768
340,101010100,4,0.961737806,0.1694561779,0.9172933615
341,101010101,5,0.9649390262,0.1703384123,0.9093834706
342,101010110,5,0.9528963305,0.1802943386,0.897340775
343,101010111,6,0.9589938968,0.1846750332,0.8923272302
344,101011000,4,0.964634141,0.194875374,0.9201896965
345,101011001,5,0.9628048781,0.1997483987,0.9072493226
346,101011010,5,0.9643292632,0.210029603,0.9087737076
347,101011011,6,0.9690548796,0.1985359336,0.902388213
348,101011100,5,0.9661585353,0.1913031316,0.9106029798
349,101011101,6,0.9696646389,0.3093579304,0.9029979722
350,101011110,6,0.9681402408,0.2603807449,0.9014735741
351,101011111,7,0.9638719484,0.2198956287,0.8860941706
352,101100000,3,0.9518292565,0.1353251534,0.9184959232
353,101100001,4,0.9532012139,0.1389175798,0.9087567694
354,101100010,4,0.9609756079,0.1522667618,0.9165311634
355,101100011,5,0.9577743858,0.1480007793,0.9022188303
356,101100100,4,0.9591463339,0.1657813322,0.9147018894
357,101100101,5,0.9574694987,0.1785467933,0.9019139432
358,101100110,5,0.9629573151,0.1768365032,0.9074017596
359,101100111,6,0.9612804819,0.1891228305,0.8946138152
360,101101000,4,0.9634146318,0.168340771,0.9189701873
361,101101001,5,0.9644817058,0.176816938,0.9089261502
362,101101010,5,0.9624999966,0.1689127102,0.9069444411
363,101101011,6,0.9637195095,0.1817409033,0.8970528429
364,101101100,5,0.9696646333,0.1734690042,0.9141090777
365,101101101,6,0.9644817039,0.2133307862,0.8978150373
366,101101110,6,0.9675304852,0.2001497867,0.9008638186
367,101101111,7,0.9689024445,0.2136532324,0.8911246667
368,101110000,4,0.9560975526,0.1694042669,0.9116531081
369,101110001,5,0.9570121858,0.1660167179,0.9014566303
370,101110010,5,0.9585365802,0.1784977219,0.9029810246
371,101110011,6,0.9557926711,0.1782466671,0.8891260044
372,101110100,5,0.9644817002,0.1726493784,0.9089261447
373,101110101,6,0.9577743821,0.181031581,0.8911077154
374,101110110,6,0.9637195077,0.1878173118,0.897052841
375,101110111,7,0.9571646266,0.217339966,0.8793868488
376,101111000,5,0.9667682927,0.1849404364,0.9112127372
377,101111001,6,0.9640243854,0.320313164,0.8973577188
378,101111010,6,0.964786578,0.2308151182,0.8981199113
379,101111011,7,0.9603658468,0.2280426561,0.882588069
380,101111100,6,0.9635670688,0.2217264464,0.8969004021
381,101111101,7,0.9650914595,0.2315300149,0.8873136817
382,101111110,7,0.9690548796,0.2183860508,0.8912771018
383,101111111,8,0.9637195133,0.2397632855,0.8748306244
384,110000000,2,0.942378046,0.1023272595,0.9201558238
385,110000001,3,0.9457317069,0.1523044817,0.9123983736
386,110000010,3,0.9515243825,0.1274834615,0.9181910491
387,110000011,4,0.9507621918,0.175960077,0.9063177473
388,110000100,3,0.9559451118,0.1492509923,0.9226117785
389,110000101,4,0.9562499914,0.1904697402,0.911805547
390,110000110,4,0.9560975488,0.160214691,0.9116531044
391,110000111,5,0.9551829174,0.1890920834,0.8996273619
392,110001000,3,0.9653963372,0.1357308119,0.9320630039
393,110001001,4,0.9617377985,0.1536827425,0.9172933541
394,110001010,4,0.9682926834,0.1485241046,0.9238482389
395,110001011,5,0.9670731667,0.1769618806,0.9115176112
396,110001100,4,0.9617377967,0.18006679,0.9172933522
397,110001101,5,0.9626524374,0.1984722707,0.9070968818
398,110001110,5,0.9652439002,0.184927925,0.9096883446
399,110001111,6,0.9626524355,0.2035451112,0.8959857689
400,110010000,3,0.9547256026,0.1810064591,0.9213922693
401,110010001,4,0.9516768232,0.1931645344,0.9072323788
402,110010010,4,0.9487804808,0.1966901873,0.9043360363
403,110010011,5,0.9471036531,0.1901693111,0.8915480975
404,110010100,4,0.9553353563,0.1947822548,0.9108909119
405,110010101,5,0.953201212,0.2160813212,0.8976456564
406,110010110,5,0.9480182827,0.218691871,0.8924627271
407,110010111,6,0.9516768251,0.3759041177,0.8850101584
408,110011000,4,0.958231695,0.2197342259,0.9137872506
409,110011001,5,0.9621951114,0.2163874777,0.9066395559
410,110011010,5,0.9644817039,0.2193003995,0.9089261484
411,110011011,6,0.9638719447,0.23684128,0.897205278
412,110011100,5,0.9612804819,0.2286357516,0.9057249263
413,110011101,6,0.9644817039,0.2295870977,0.8978150373
414,110011110,6,0.9637195077,0.2462959136,0.897052841
415,110011111,7,0.9681402519,0.2540232334,0.8903624742
416,110100000,3,0.9510670714,0.1087195657,0.9177337381
417,110100001,4,0.9451219458,0.1674812513,0.9006775014
418,110100010,4,0.9541158434,0.1336211525,0.909671399
419,110100011,5,0.9568597469,0.1682509559,0.9013041914
420,110100100,4,0.9579268228,0.1566663263,0.9134823784
421,110100101,5,0.9567073006,0.1923621674,0.9011517451
422,110100110,5,0.9547256045,0.1711755372,0.8991700489
423,110100111,6,0.9544207193,0.1782295462,0.8877540526
424,110101000,4,0.9621951189,0.151591171,0.9177506744
425,110101001,5,0.9621951208,0.1687642131,0.9066395652
426,110101010,5,0.965548778,0.1652380908,0.9099932224
427,110101011,6,0.9629573077,0.1781795989,0.896290641
428,110101100,5,0.9626524337,0.1925693848,0.9070968781
429,110101101,6,0.9609756004,0.1956794159,0.8943089337
430,110101110,6,0.9653963409,0.2012857567,0.8987296743
431,110101111,7,0.9658536613,0.2059036302,0.8880758835
432,110110000,4,0.9525914509,0.190835604,0.9081470064
433,110110001,5,0.953048775,0.1948711216,0.8974932194
434,110110010,5,0.9512195047,0.2008119989,0.8956639491
435,110110011,6,0.9568597432,0.2100424496,0.8901930766
436,110110100,5,0.9548780341,0.3190835472,0.8993224785
437,110110101,6,0.9524390157,0.2554515093,0.8857723491
438,110110110,6,0.9568597469,0.2188521465,0.8901930803
439,110110111,7,0.9557926748,0.2348899278,0.878014897
440,110111000,5,0.9647865817,0.2230814546,0.9092310261
441,110111001,6,0.9644817077,0.2243005,0.897815041
442,110111010,6,0.9629573133,0.2662793156,0.8962906466
443,110111011,7,0.9624999985,0.2361019221,0.8847222207
444,110111100,6,0.964786578,0.2217209716,0.8981199113
445,110111101,7,0.9670731686,0.2392563811,0.8892953908
446,110111110,7,0.9637195077,0.2505255626,0.8859417299
447,110111111,8,0.9663109742,0.2420711997,0.8774220853
448,111000000,3,0.9498475511,0.1094583822,0.9165142177
449,111000001,4,0.9550304785,0.2016363414,0.9105860341
450,111000010,4,0.9554877952,0.1262044164,0.9110433507
451,111000011,5,0.9550304729,0.1685197698,0.8994749174
452,111000100,4,0.9608231634,0.1636474896,0.9163787189
453,111000101,5,0.9580792617,0.16819228,0.9025237061
454,111000110,5,0.960975606,0.1631978797,0.9054200504
455,111000111,6,0.9588414561,0.178122621,0.8921747894
456,111001000,4,0.9663109723,0.1493365318,0.9218665279
457,111001001,5,0.960213406,0.1580275986,0.9046578505
458,111001010,5,0.9644817039,0.1614640043,0.9089261484
459,111001011,6,0.9693597592,0.1673336257,0.9026930926
460,111001100,5,0.9623475634,0.1988814175,0.9067920078
461,111001101,6,0.9624999948,0.2131315088,0.8958333281
462,111001110,6,0.9695121981,0.2274610037,0.9028455315
463,111001111,7,0.9701219536,0.2215583678,0.8923441759
464,111010000,4,0.9522865787,0.1902281402,0.9078421343
465,111010001,5,0.9565548692,0.3861234859,0.9009993136
466,111010010,5,0.9501524325,0.2081504837,0.894596877
467,111010011,6,0.9539634027,0.2327699261,0.887296736
468,111010100,5,0.96204268,0.1961445869,0.9064871245
469,111010101,6,0.9583841395,0.2142438563,0.8917174728
470,111010110,6,0.9586890098,0.2075651209,0.8920223431
471,111010111,7,0.9618902374,0.2460674956,0.8841124596
472,111011000,5,0.9638719503,0.2441837927,0.9083163947
473,111011001,6,0.9602134135,0.2257233416,0.8935467468
474,111011010,6,0.9687500075,0.2528586062,0.9020833408
475,111011011,7,0.964176828,0.2418077742,0.8863990503
476,111011100,6,0.9672256112,0.2396430206,0.9005589445
477,111011101,7,0.9663109761,0.245831884,0.8885331983
478,111011110,7,0.9678353649,0.271671345,0.8900575871
479,111011111,8,0.9653963409,0.297615774,0.876507452
480,111100000,4,0.9522865769,0.1520633074,0.9078421324
481,111100001,5,0.9490853604,0.1667485817,0.8935298048
482,111100010,5,0.9591463339,0.139335844,0.9035907783
483,111100011,6,0.9574695099,0.1675422555,0.8908028432
484,111100100,5,0.9605182838,0.1770865889,0.9049627282
485,111100101,6,0.9573170673,0.1772199203,0.8906504006
486,111100110,6,0.9629573114,0.1877477956,0.8962906448
487,111100111,7,0.9623475522,0.2054754389,0.8845697744
488,111101000,5,0.966463415,0.1571392328,0.9109078594
489,111101001,6,0.9646341447,0.1878299923,0.897967478
490,111101010,6,0.9657012131,0.1730029145,0.8990345464
491,111101011,7,0.9621951226,0.1842359612,0.8844173448
492,111101100,6,0.9681402501,0.1861764477,0.9014735834
493,111101101,7,0.9640243854,0.3398395209,0.8862466077
494,111101110,7,0.963262191,0.2477963772,0.8854844133
495,111101111,8,0.9658536594,0.22599763,0.8769647705
496,111110000,5,0.9541158415,0.2100702799,0.898560286
497,111110001,6,0.9516768176,0.2153714146,0.8850101509
498,111110010,6,0.956097547,0.2142396532,0.8894308803
499,111110011,7,0.9548780415,0.2065643724,0.8771002637
500,111110100,6,0.9571646266,0.210213976,0.8904979599
501,111110101,7,0.9533536471,0.2283734311,0.8755758694
502,111110110,7,0.9586890154,0.2245801887,0.8809112376
503,111110111,8,0.9562499896,0.2269489216,0.8673611007
504,111111000,6,0.9646341465,0.2548272442,0.8979674799
505,111111001,7,0.9647865836,0.259944424,0.8870088058
506,111111010,7,0.9606707208,0.2898382405,0.882892943
507,111111011,8,0.9617377967,0.2683291459,0.8728489078
508,111111100,7,0.9685975611,0.267471821,0.8908197833
509,111111101,8,0.963262191,0.2523085512,0.8743733022
510,111111110,8,0.9663109742,0.2578454181,0.8774220853
511,111111111,9,0.9672256112,0.3458421361,0.8672256112
