generation,num_fronts,pareto_size,best_accuracy,min_time,mean_accuracy,mean_time,hypervolume
0,21,11,0.9302500039,0.01123166742,0.8146138022,0.03336779389,0.3862894462
1,19,15,0.9359687492,0.01089278393,0.8172069273,0.02733726169,0.09147659819
2,20,13,0.9480052162,0.01089278393,0.8143980212,0.02972723929,0.3256989175
3,17,12,0.9480052162,0.01089278393,0.8115727609,0.03156755984,0.4003003984
4,16,17,0.9563333355,0.01089278393,0.8172737508,0.04665465802,0.4124490419
5,16,20,0.9563333355,0.01089278393,0.8286485423,0.06117120023,0.4038095053
6,18,22,0.9563333355,0.01089278393,0.8408953653,0.08128184089,0.4687306172
7,16,26,0.9563333355,0.01089278393,0.8500993757,0.08328841084,0.4686912647
8,11,34,0.9563333355,0.01089278393,0.8472793239,0.08009602405,0.4686449529
9,12,42,0.9563333355,0.01089278393,0.849006043,0.07247432078,0.3920424291
10,13,51,0.9563333355,0.01072448882,0.8524930221,0.06137506242,0.3925938065
11,14,59,0.9563333355,0.01072448882,0.8467860948,0.04615922896,0.3927062231
12,12,53,0.9563333355,0.01070332818,0.8652751572,0.04642689,0.392491606
13,12,66,0.9563333355,0.01070332818,0.8628298968,0.05354651731,0.3928056722
14,14,81,0.9563333355,0.01070332818,0.8607312513,0.05954673846,0.3928438956
15,15,100,0.9563333355,0.009529132949,0.8807962509,0.05743334014,0.3929885215
16,12,100,0.9563333355,0.009529132949,0.8795900009,0.04997468902,0.3929885215
17,11,100,0.9563333355,0.009529132949,0.8670934383,0.03892653255,0.3931122003
18,11,100,0.9563333355,0.009529132949,0.8606831257,0.03515550931,0.3931124526
19,13,100,0.9563333355,0.009529132949,0.8467666673,0.03087306774,0.3931151492
20,12,100,0.9563333355,0.009529132949,0.8503272924,0.0272099494,0.3931190423
21,13,100,0.9563333355,0.009529132949,0.8500817194,0.027364366,0.3931217875
22,11,100,0.9563333355,0.009529132949,0.856068959,0.02758664931,0.3931217875
23,11,100,0.9563333355,0.009529132949,0.853730834,0.0275913465,0.3931217875
24,11,100,0.9563333355,0.009529132949,0.8592215632,0.02780424361,0.3931217875
25,12,100,0.9563333355,0.009529132949,0.8612186464,0.02784886143,0.3931217875
26,15,100,0.9563333355,0.009529132949,0.8618014588,0.02774971507,0.3931217875
27,11,100,0.9563333355,0.009529132949,0.8631856255,0.02805073291,0.3931217875
28,13,100,0.9563333355,0.009529132949,0.8616676567,0.02826294289,0.39312182
29,12,100,0.9563333355,0.009529132949,0.860574636,0.03216242664,0.39312182
30,10,100,0.9563333355,0.009529132949,0.8571873964,0.02839868809,0.3931894635
31,13,100,0.9563333355,0.009529132949,0.8552855215,0.02820198307,0.3931894635
32,13,100,0.9563333355,0.009529132949,0.8509132819,0.02819913842,0.3931894635
33,12,100,0.9563333355,0.009529132949,0.8477255736,0.028158932,0.3931894635
34,13,100,0.9563333355,0.009529132949,0.8480520839,0.02829999208,0.3931894635
35,11,100,0.9563333355,0.009529132949,0.8429030735,0.02842807315,0.3931894635
36,13,100,0.9563333355,0.009529132949,0.8406929174,0.02851432118,0.3931894635
37,11,100,0.9563333355,0.009529132949,0.835325209,0.02847325634,0.3931894635
38,12,100,0.9563333355,0.009290057671,0.8262453132,0.0282510757,0.3932126687
39,13,100,0.9563333355,0.009290057671,0.8260845841,0.02810120287,0.3932126687
40,13,100,0.9563333355,0.009290057671,0.8289748965,0.02830538213,0.3932126687
41,12,100,0.9563333355,0.009290057671,0.8133207818,0.02811661091,0.3932126687
42,12,100,0.9563333355,0.009290057671,0.8108646881,0.0279631341,0.3932257856
43,12,100,0.9563333355,0.009290057671,0.8107693235,0.02809067652,0.3932257856
44,14,100,0.9563333355,0.009290057671,0.8231333341,0.03204516118,0.3932420492
45,12,100,0.9563333355,0.009290057671,0.8147672403,0.02828039239,0.3932420492
46,12,100,0.9563333355,0.009290057671,0.8146175528,0.02841662541,0.3932420492
47,13,100,0.9563333355,0.009290057671,0.7996798965,0.02833254756,0.3932449877
48,14,100,0.9563333355,0.009290057671,0.7938984903,0.0284423388,0.3932449877
49,12,100,0.9563333355,0.009290057671,0.7993647924,0.02864549467,0.3932449877
50,12,100,0.9563333355,0.009290057671,0.7986435944,0.02864950688,0.3932449877
51,11,100,0.9563333355,0.009290057671,0.7901616673,0.02846405587,0.3932449877
52,15,100,0.9563333355,0.009290057671,0.7874817193,0.02829372692,0.3932449877
53,11,100,0.9563333355,0.007073035813,0.7899239589,0.02832061396,0.3932413268
54,11,100,0.9563333355,0.007073035813,0.8007117714,0.03199480515,0.3934800121
55,12,100,0.9563333355,0.007073035813,0.8009767713,0.02846526299,0.3934800121
56,13,100,0.9563333355,0.007073035813,0.7985688546,0.02814174025,0.3934800121
57,12,100,0.9563333355,0.007073035813,0.7878992193,0.02790822401,0.3934800121
58,19,100,0.9563333355,0.007073035813,0.7863067194,0.02816225036,0.3934800121
59,11,100,0.9563333355,0.007073035813,0.779824636,0.02813354955,0.3934800121
60,14,100,0.9563333355,0.007073035813,0.7704462506,0.02794702338,0.3934800121
61,12,100,0.9563333355,0.007073035813,0.7494295838,0.02753568826,0.3934805572
62,14,100,0.9563333355,0.007073035813,0.7609082817,0.02749143161,0.3934805572
63,12,100,0.9563333355,0.007073035813,0.761826563,0.02745110541,0.3934805572
64,12,100,0.9563333355,0.007073035813,0.7534717714,0.0273809132,0.3934805572
65,13,100,0.9563333355,0.007073035813,0.7403700004,0.02709536638,0.3934805572
66,14,100,0.9563333355,0.007073035813,0.73508724,0.02706585627,0.3934805572
67,12,100,0.9563333355,0.007073035813,0.7380135422,0.02690097341,0.3934805572
68,12,100,0.9563333355,0.007073035813,0.7491564067,0.02687159366,0.3934805572
69,12,100,0.9563333355,0.007073035813,0.7430872922,0.02664035755,0.3934805572
70,12,100,0.9563333355,0.007073035813,0.7511467194,0.02652020184,0.3934805572
71,12,100,0.9563333355,0.007073035813,0.7519090111,0.02649075722,0.3934805572
72,13,100,0.9563333355,0.007073035813,0.7481501049,0.02658318953,0.3934805572
73,13,100,0.9563333355,0.007073035813,0.7481003654,0.02663243836,0.3934805572
74,13,100,0.9563333355,0.007073035813,0.7386166152,0.02663182477,0.3934805572
75,12,100,0.9563333355,0.007073035813,0.7295565631,0.02643699494,0.3934805572
76,14,100,0.9563333355,0.007073035813,0.7318726567,0.02678908924,0.3934805572
77,13,100,0.9563333355,0.007073035813,0.7258555214,0.02674298111,0.3934805572
78,13,100,0.9563333355,0.007073035813,0.7448018755,0.02703502721,0.3934805572
79,12,100,0.9563333355,0.007073035813,0.7504973964,0.02739176968,0.3934805572
80,11,100,0.9563333355,0.007073035813,0.7570609379,0.02747104527,0.3934805572
81,15,100,0.9563333355,0.007073035813,0.748665313,0.02714364224,0.3934805572
82,12,100,0.9563333355,0.007073035813,0.7498440629,0.02719562726,0.3934805572
83,13,100,0.9563333355,0.007073035813,0.7390482817,0.02712025209,0.3934805572
84,13,100,0.9563333355,0.007073035813,0.7303806776,0.03043155069,0.3934805572
85,13,100,0.9563333355,0.007073035813,0.7189294796,0.0266446275,0.3934805572
86,16,100,0.9563333355,0.007073035813,0.7255559899,0.026839556,0.3934805572
87,11,100,0.9563333355,0.007073035813,0.7242801044,0.02687283203,0.3934805572
88,13,100,0.9563333355,0.007073035813,0.7299175004,0.02705959898,0.3934805572
89,12,100,0.9563333355,0.007073035813,0.7392027088,0.02728136875,0.3934805572
90,11,100,0.9563333355,0.007073035813,0.7333214067,0.02741951699,0.3934805572
91,9,100,0.9563333355,0.007073035813,0.7179392712,0.02714074704,0.3934805572
92,12,100,0.9563333355,0.007073035813,0.7284888546,0.02719420118,0.3934805572
93,11,100,0.9563333355,0.007073035813,0.7273741151,0.02714573217,0.3934805572
94,14,100,0.9563333355,0.007073035813,0.727869688,0.02733686536,0.3934805572
95,14,100,0.9563333355,0.007073035813,0.7313318233,0.0271496118,0.3934805572
96,12,100,0.9563333355,0.007073035813,0.7164034379,0.02692787951,0.3934805572
97,16,100,0.9563333355,0.007073035813,0.7062206256,0.02682643415,0.3934805572
98,13,100,0.9563333355,0.007073035813,0.7169171359,0.02691924028,0.3934805572
99,12,100,0.9563333355,0.007073035813,0.7023597401,0.02684139584,0.3934805572
100,12,100,0.9563333355,0.007073035813,0.7060663027,0.02696935349,0.3934828879
101,11,100,0.9563333355,0.007073035813,0.7035349484,0.03421405453,0.3934842245
102,12,100,0.9563333355,0.007073035813,0.7178032296,0.03057081557,0.3934842245
103,14,100,0.9563333355,0.007073035813,0.6996332816,0.02675755925,0.3934842245
104,13,100,0.9563333355,0.007073035813,0.7192811981,0.02711565216,0.3934842245
105,11,100,0.9563333355,0.007073035813,0.7346688022,0.0274922881,0.3934842245
106,13,100,0.9563333355,0.007073035813,0.7285833857,0.02725215796,0.3934842245
107,11,100,0.9563333355,0.007073035813,0.7402753649,0.02730609283,0.3934842245
108,12,100,0.9563333355,0.007073035813,0.7375231254,0.02741397448,0.3934842245
109,13,100,0.9563333355,0.007073035813,0.7216792191,0.02714177823,0.3934842245
110,14,100,0.9563333355,0.007073035813,0.7323843233,0.027188662,0.3934842245
111,11,100,0.9563333355,0.007073035813,0.7301316151,0.02701800306,0.3934842245
112,14,100,0.9563333355,0.007073035813,0.7291043755,0.02698031306,0.3934842245
113,17,100,0.9563333355,0.007073035813,0.7294737506,0.02693401107,0.3934842245
114,11,100,0.9563333355,0.007073035813,0.7250170318,0.0269020069,0.3934842245
115,10,100,0.9563333355,0.007073035813,0.7128650527,0.02694472567,0.3934842245
116,14,100,0.9563333355,0.007073035813,0.7127278652,0.02711111344,0.3934842245
117,13,100,0.9563333355,0.007073035813,0.7045705736,0.0268750354,0.3934842245
118,12,100,0.9563333355,0.007073035813,0.702045782,0.02680179759,0.3934842245
119,12,100,0.9563333355,0.007073035813,0.7169567195,0.02673474342,0.3934842245
120,16,100,0.9563333355,0.007073035813,0.7109013549,0.02654114867,0.3934842245
121,13,100,0.9563333355,0.007073035813,0.6964623445,0.02649352707,0.3934842245
122,14,100,0.9563333355,0.007073035813,0.6941841153,0.02632994578,0.3934842245
123,11,100,0.9563333355,0.007073035813,0.7004681777,0.02648993917,0.3934842245
124,12,100,0.9563333355,0.007073035813,0.7066270839,0.02650528698,0.3934842245
125,12,100,0.9563333355,0.007073035813,0.7039028653,0.02644833334,0.3934842245
126,14,100,0.9563333355,0.007073035813,0.7106733338,0.02634318222,0.3934842245
127,15,100,0.9563333355,0.007073035813,0.7067811463,0.02620966734,0.3934842245
128,13,100,0.9563333355,0.007073035813,0.7085270317,0.02624494039,0.3934842245
129,11,100,0.9563333355,0.007073035813,0.7072983337,0.02639903991,0.3934842245
130,13,100,0.9563333355,0.007073035813,0.710895938,0.02662376338,0.3934842245
131,13,100,0.9563333355,0.007073035813,0.7246782295,0.03325697396,0.3934842245
132,12,100,0.9563333355,0.007073035813,0.724400469,0.02951930939,0.3934842245
133,13,100,0.9563333355,0.007073035813,0.7305470837,0.02680201034,0.3934842245
134,11,100,0.9563333355,0.007073035813,0.7256734377,0.02677567111,0.3934842245
135,16,100,0.9563333355,0.007073035813,0.7158987503,0.02652260243,0.3934842245
136,15,100,0.9563333355,0.007073035813,0.7184993752,0.02658359676,0.3934842245
137,11,100,0.9563333355,0.007073035813,0.7098350002,0.02654675007,0.3934842245
138,14,100,0.9563333355,0.007073035813,0.7126180731,0.02638089137,0.3934842245
139,14,100,0.9563333355,0.007073035813,0.7129810418,0.02643037137,0.3934842245
140,11,100,0.9563333355,0.007073035813,0.7121865627,0.02655039674,0.3934842245
141,14,100,0.9563333355,0.007073035813,0.7064769794,0.02652394166,0.3934842245
142,14,100,0.9563333355,0.007073035813,0.7148759898,0.02676434423,0.3934842245
143,14,100,0.9563333355,0.007073035813,0.7193792191,0.02692881171,0.3934842245
144,12,100,0.9563333355,0.007073035813,0.7196894273,0.02726527262,0.3934842245
145,11,100,0.9563333355,0.007073035813,0.7204685939,0.03011090679,0.3934842245
146,15,100,0.9563333355,0.007073035813,0.7113361461,0.02721177069,0.3934842245
147,13,100,0.9563333355,0.007073035813,0.7230383856,0.02728062429,0.3934842245
148,12,100,0.9563333355,0.007073035813,0.7246918753,0.02773036013,0.3934842245
149,12,100,0.9563333355,0.007073035813,0.7251564065,0.03145696462,0.3934842245
150,13,100,0.9563333355,0.007073035813,0.7215165627,0.03502334885,0.3934842245
151,12,100,0.9563333355,0.007073035813,0.7216083336,0.03517495699,0.3934842245
152,13,100,0.9563333355,0.007073035813,0.7108230731,0.03499596192,0.3934842245
153,13,100,0.9563333355,0.007073035813,0.7250305731,0.03130363783,0.3934842245
154,13,100,0.9563333355,0.007073035813,0.7182194794,0.03128865172,0.3934842245
155,12,100,0.9563333355,0.007073035813,0.7274588023,0.02783938876,0.3934842245
156,12,100,0.9563333355,0.007073035813,0.7202463022,0.02763023155,0.3934842245
157,16,100,0.9563333355,0.007073035813,0.7145155209,0.02759631253,0.3934842245
158,13,100,0.9563333355,0.007073035813,0.7126303647,0.02759638662,0.3934842245
159,13,100,0.9563333355,0.007073035813,0.7286729167,0.02772574248,0.3934842245
160,14,100,0.9563333355,0.007073035813,0.7194780209,0.02770186782,0.3934842245
161,12,100,0.9563333355,0.007073035813,0.7109079689,0.02760635439,0.3934842245
162,13,100,0.9563333355,0.007073035813,0.7295013542,0.02770672726,0.3934842245
163,13,100,0.9563333355,0.007073035813,0.7309333334,0.02772658138,0.3934842245
164,12,100,0.9563333355,0.007073035813,0.7263312501,0.02801792186,0.3934842245
165,12,100,0.9563333355,0.007073035813,0.7371798959,0.02819149194,0.3934842245
166,15,100,0.9563333355,0.007073035813,0.7299448438,0.02808570062,0.3934842245
167,12,100,0.9563333355,0.007073035813,0.7300376564,0.02821096825,0.3934842245
168,12,100,0.9563333355,0.007073035813,0.7397338542,0.02829851393,0.3934842245
169,13,100,0.9563333355,0.007073035813,0.7299900521,0.02777579907,0.3934842245
170,11,100,0.9563333355,0.007073035813,0.7226724481,0.02736954581,0.3934842245
171,13,100,0.9563333355,0.007073035813,0.7050188544,0.0269244432,0.3934842245
172,12,100,0.9563333355,0.007073035813,0.7102813543,0.02711176534,0.3934842245
173,11,100,0.9563333355,0.007073035813,0.6994172398,0.02691639639,0.3934840611
174,14,100,0.9563333355,0.007073035813,0.7064193753,0.02709755287,0.3934853219
175,16,100,0.9563333355,0.007073035813,0.7146015628,0.02716437104,0.3934853219
176,11,100,0.9563333355,0.007073035813,0.7351173961,0.02744864337,0.3934853219
177,14,100,0.9563333355,0.007073035813,0.7465530731,0.02769591648,0.3934853219
178,13,100,0.9563333355,0.007073035813,0.7400760419,0.02762798787,0.3934853219
179,12,100,0.9563333355,0.007073035813,0.7426414064,0.02768550511,0.3934853219
180,13,100,0.9563333355,0.007073035813,0.7294069273,0.02727463731,0.3934853219
181,13,100,0.9563333355,0.007073035813,0.7288416669,0.02711723415,0.3934853219
182,11,100,0.9563333355,0.007073035813,0.7267050523,0.02710558844,0.3934853219
183,12,100,0.9563333355,0.007073035813,0.7231459377,0.02712055581,0.3934853219
184,14,100,0.9563333355,0.007073035813,0.7315708856,0.02716984098,0.3934853219
185,15,100,0.9563333355,0.007073035813,0.743363073,0.02742657655,0.3934853219
186,15,100,0.9563333355,0.007073035813,0.7466246876,0.02748427245,0.3934853219
187,13,100,0.9563333355,0.007073035813,0.7463075001,0.02734304936,0.3934853219
188,12,100,0.9563333355,0.007073035813,0.7267781251,0.02723204596,0.3934853219
189,12,100,0.9563333355,0.007073035813,0.7228958855,0.02707247963,0.3934853219
190,13,100,0.9563333355,0.007073035813,0.7263217188,0.02674407206,0.3934853219
191,15,100,0.9563333355,0.007073035813,0.72917375,0.02712339914,0.3934853219
192,12,100,0.9563333355,0.007073035813,0.7296667188,0.02707762636,0.3934853219
193,12,100,0.9563333355,0.007073035813,0.7283689583,0.02711976165,0.3934853219
194,12,100,0.9563333355,0.007073035813,0.708951302,0.02703529557,0.3934853219
195,13,100,0.9563333355,0.007073035813,0.7032069793,0.02687310308,0.3934853219
196,15,100,0.9563333355,0.007073035813,0.6988445835,0.02681932465,0.3934853219
197,13,100,0.9563333355,0.007073035813,0.7115682814,0.02704721155,0.3934853219
198,14,100,0.9563333355,0.007073035813,0.7028453127,0.02935033977,0.3934853219
199,12,100,0.9563333355,0.007073035813,0.7171539065,0.02706849315,0.3934853219
