run_index,seed,algorithm,case,bitstring,n_features,accuracy,second_objective,scalar_fitness
0,1000000,nsga2,breast,111001111,7,0.970122,0.221558,0.892344
0,1000000,pso,breast,010001000,2,0.95564,0.0887217,0.933418
0,1000000,sga,breast,100001010,3,0.966311,0.0333333,0.932978
0,1000000,nsga2,credit,001110001110111,9,0.891263,0.335393,0.831263
0,1000000,pso,credit,000000101000000,2,0.871173,0.0524994,0.85784
0,1000000,sga,credit,000000101000000,2,0.871173,0.0133333,0.85784
0,1000000,nsga2,letter,0000011111111111,11,0.956333,0.386006,0.887583
0,1000000,pso,letter,0000000111111111,9,0.947344,0.276575,0.891094
0,1000000,sga,letter,0000000111111111,9,0.947344,0.05625,0.891094
0,1000000,nsga2,triangle,1010000000010100,4,4,4,3.975
0,1000000,pso,triangle,0001010000011000,4,4,4,3.975
0,1000000,sga,triangle,0001001100010000,4,4,0.025,3.975
1,1000001,nsga2,breast,111001111,7,0.970122,0.221558,0.892344
1,1000001,pso,breast,010001000,2,0.95564,0.0887217,0.933418
1,1000001,sga,breast,010001000,2,0.95564,0.0222222,0.933418
1,1000001,nsga2,credit,001110001110111,9,0.891263,0.335393,0.831263
1,1000001,pso,credit,000000101000000,2,0.871173,0.0524994,0.85784
1,1000001,sga,credit,000000101000000,2,0.871173,0.0133333,0.85784
1,1000001,nsga2,letter,0000011111111111,11,0.956333,0.386006,0.887583
1,1000001,pso,letter,0000000111111111,9,0.947344,0.276575,0.891094
1,1000001,sga,letter,0000000111111111,9,0.947344,0.05625,0.891094
1,1000001,nsga2,triangle,0100010100000001,4,4,4,3.975
1,1000001,pso,triangle,1000100011000000,4,4,4,3.975
1,1000001,sga,triangle,0010000010010001,4,4,0.025,3.975
2,1000002,nsga2,breast,111001111,7,0.970122,0.221558,0.892344
2,1000002,pso,breast,010001000,2,0.95564,0.0887217,0.933418
2,1000002,sga,breast,100001010,3,0.966311,0.0333333,0.932978
2,1000002,nsga2,credit,001110001110111,9,0.891263,0.335393,0.831263
2,1000002,pso,credit,000000101000000,2,0.871173,0.0524994,0.85784
2,1000002,sga,credit,000000101000000,2,0.871173,0.0133333,0.85784
2,1000002,nsga2,letter,0000011111111111,11,0.956333,0.386006,0.887583
2,1000002,pso,letter,0000000111111111,9,0.947344,0.276575,0.891094
2,1000002,sga,letter,0000000111111111,9,0.947344,0.05625,0.891094
2,1000002,nsga2,triangle,0010010010100000,4,4,4,3.975
2,1000002,pso,triangle,0100100000010001,4,4,4,3.975
2,1000002,sga,triangle,0000010100000101,4,4,0.025,3.975
3,1000003,nsga2,breast,111001111,7,0.970122,0.221558,0.892344
3,1000003,pso,breast,010001000,2,0.95564,0.0887217,0.933418
3,1000003,sga,breast,010001000,2,0.95564,0.0222222,0.933418
3,1000003,nsga2,credit,001110001110111,9,0.891263,0.335393,0.831263
3,1000003,pso,credit,000000101000000,2,0.871173,0.0524994,0.85784
3,1000003,sga,credit,000000101000000,2,0.871173,0.0133333,0.85784
3,1000003,nsga2,letter,0000011111111111,11,0.956333,0.386006,0.887583
3,1000003,pso,letter,0000000111111111,9,0.947344,0.276575,0.891094
3,1000003,sga,letter,0000000111111111,9,0.947344,0.05625,0.891094
3,1000003,nsga2,triangle,0011010100000000,4,4,4,3.975
3,1000003,pso,triangle,1000000000010011,4,4,4,3.975
3,1000003,sga,triangle,0011000010010000,4,4,0.025,3.975
4,1000004,nsga2,breast,111001111,7,0.970122,0.221558,0.892344
4,1000004,pso,breast,010001000,2,0.95564,0.0887217,0.933418
4,1000004,sga,breast,010001000,2,0.95564,0.0222222,0.933418
4,1000004,nsga2,credit,001110001110111,9,0.891263,0.335393,0.831263
4,1000004,pso,credit,000000101000000,2,0.871173,0.0524994,0.85784
4,1000004,sga,credit,000000101000000,2,0.871173,0.0133333,0.85784
4,1000004,nsga2,letter,0000011111111111,11,0.956333,0.386006,0.887583
4,1000004,pso,letter,0000000111111111,9,0.947344,0.276575,0.891094
4,1000004,sga,letter,0000000111111111,9,0.947344,0.05625,0.891094
4,1000004,nsga2,triangle,0000001110000010,4,4,4,3.975
4,1000004,pso,triangle,0000000001000111,4,4,4,3.975
4,1000004,sga,triangle,1000001001000001,4,4,0.025,3.975
5,1000005,nsga2,breast,111001111,7,0.970122,0.221558,0.892344
5,1000005,pso,breast,010001000,2,0.95564,0.0887217,0.933418
5,1000005,sga,breast,010001000,2,0.95564,0.0222222,0.933418
5,1000005,nsga2,credit,001110001110111,9,0.891263,0.335393,0.831263
5,1000005,pso,credit,000000101000000,2,0.871173,0.0524994,0.85784
5,1000005,sga,credit,000000101000000,2,0.871173,0.0133333,0.85784
5,1000005,nsga2,letter,0000011111111111,11,0.956333,0.386006,0.887583
5,1000005,pso,letter,0000000111111111,9,0.947344,0.276575,0.891094
5,1000005,sga,letter,0000000111111111,9,0.947344,0.05625,0.891094
5,1000005,nsga2,triangle,0000001010001100,4,4,4,3.975
5,1000005,pso,triangle,0001000010011000,4,4,4,3.975
5,1000005,sga,triangle,0000011000010100,4,4,0.025,3.975
6,1000006,nsga2,breast,111001111,7,0.970122,0.221558,0.892344
6,1000006,pso,breast,010001000,2,0.95564,0.0887217,0.933418
6,1000006,sga,breast,010001000,2,0.95564,0.0222222,0.933418
6,1000006,nsga2,credit,001110001110111,9,0.891263,0.335393,0.831263
6,1000006,pso,credit,000000101000000,2,0.871173,0.0524994,0.85784
6,1000006,sga,credit,000000101000000,2,0.871173,0.0133333,0.85784
6,1000006,nsga2,letter,0000011111111111,11,0.956333,0.386006,0.887583
6,1000006,pso,letter,0000000111111111,9,0.947344,0.276575,0.891094
6,1000006,sga,letter,0000000111111111,9,0.947344,0.05625,0.891094
6,1000006,nsga2,triangle,0010001100000010,4,4,4,3.975
6,1000006,pso,triangle,0000100010011000,4,4,4,3.975
6,1000006,sga,triangle,0110000010001000,4,4,0.025,3.975
7,1000007,nsga2,breast,111001111,7,0.970122,0.221558,0.892344
7,1000007,pso,breast,010001000,2,0.95564,0.0887217,0.933418
7,1000007,sga,breast,100001010,3,0.966311,0.0333333,0.932978
7,1000007,nsga2,credit,001110001110111,9,0.891263,0.335393,0.831263
7,1000007,pso,credit,000000101000000,2,0.871173,0.0524994,0.85784
7,1000007,sga,credit,000000101000000,2,0.871173,0.0133333,0.85784
7,1000007,nsga2,letter,0000011111111111,11,0.956333,0.386006,0.887583
7,1000007,pso,letter,0000000111111111,9,0.947344,0.276575,0.891094
7,1000007,sga,letter,0000000111111111,9,0.947344,0.05625,0.891094
7,1000007,nsga2,triangle,1000000000111000,4,4,4,3.975
7,1000007,pso,triangle,0001101000001000,4,4,4,3.975
7,1000007,sga,triangle,0001110000010000,4,4,0.025,3.975
8,1000008,nsga2,breast,111001111,7,0.970122,0.221558,0.892344
8,1000008,pso,breast,010001000,2,0.95564,0.0887217,0.933418
8,1000008,sga,breast,010001000,2,0.95564,0.0222222,0.933418
8,1000008,nsga2,credit,001110001110111,9,0.891263,0.335393,0.831263
8,1000008,pso,credit,000000101000000,2,0.871173,0.0524994,0.85784
8,1000008,sga,credit,000000101000000,2,0.871173,0.0133333,0.85784
8,1000008,nsga2,letter,0000011111111111,11,0.956333,0.386006,0.887583
8,1000008,pso,letter,0000000111111111,9,0.947344,0.276575,0.891094
8,1000008,sga,letter,0000000111111111,9,0.947344,0.05625,0.891094
8,1000008,nsga2,triangle,1000100100000001,4,4,4,3.975
8,1000008,pso,triangle,1000000100010010,4,4,4,3.975
8,1000008,sga,triangle,0010000101001000,4,4,0.025,3.975
9,1000009,nsga2,breast,111001111,7,0.970122,0.221558,0.892344
9,1000009,pso,breast,010001000,2,0.95564,0.0887217,0.933418
9,1000009,sga,breast,010001000,2,0.95564,0.0222222,0.933418
9,1000009,nsga2,credit,001110001110111,9,0.891263,0.335393,0.831263
9,1000009,pso,credit,000000101000000,2,0.871173,0.0524994,0.85784
9,1000009,sga,credit,000000101000000,2,0.871173,0.0133333,0.85784
9,1000009,nsga2,letter,0000011111111111,11,0.956333,0.386006,0.887583
9,1000009,pso,letter,0000000111111111,9,0.947344,0.276575,0.891094
9,1000009,sga,letter,0000000111111111,9,0.947344,0.05625,0.891094
9,1000009,nsga2,triangle,0100000101000010,4,4,4,3.975
9,1000009,pso,triangle,1000001000010001,4,4,4,3.975
9,1000009,sga,triangle,0000100110010000,4,4,0.025,3.975
10,1000010,nsga2,breast,111001111,7,0.970122,0.221558,0.892344
10,1000010,pso,breast,010001000,2,0.95564,0.0887217,0.933418
10,1000010,sga,breast,010001000,2,0.95564,0.0222222,0.933418
10,1000010,nsga2,credit,001110001110111,9,0.891263,0.335393,0.831263
10,1000010,pso,credit,000000101000000,2,0.871173,0.0524994,0.85784
10,1000010,sga,credit,000100001100011,5,0.887117,0.0333333,0.853784
10,1000010,nsga2,letter,0000011111111111,11,0.956333,0.386006,0.887583
10,1000010,pso,letter,0000000111111111,9,0.947344,0.276575,0.891094
10,1000010,sga,letter,0000000111111111,9,0.947344,0.05625,0.891094
10,1000010,nsga2,triangle,0010101100000000,4,4,4,3.975
10,1000010,pso,triangle,0101001001000000,4,4,4,3.975
10,1000010,sga,triangle,0010010000000110,4,4,0.025,3.975
11,1000011,nsga2,breast,111001111,7,0.970122,0.221558,0.892344
11,1000011,pso,breast,010001000,2,0.95564,0.0887217,0.933418
11,1000011,sga,breast,010001000,2,0.95564,0.0222222,0.933418
11,1000011,nsga2,credit,001110001110111,9,0.891263,0.335393,0.831263
11,1000011,pso,credit,000000101000000,2,0.871173,0.0524994,0.85784
11,1000011,sga,credit,000000101000000,2,0.871173,0.0133333,0.85784
11,1000011,nsga2,letter,0000011111111111,11,0.956333,0.386006,0.887583
11,1000011,pso,letter,0000000111111111,9,0.947344,0.276575,0.891094
11,1000011,sga,letter,0000000111111111,9,0.947344,0.05625,0.891094
11,1000011,nsga2,triangle,1000010010000001,4,4,4,3.975
11,1000011,pso,triangle,0010101000001000,4,4,4,3.975
11,1000011,sga,triangle,0100010101000000,4,4,0.025,3.975
12,1000012,nsga2,breast,111001111,7,0.970122,0.221558,0.892344
12,1000012,pso,breast,010001000,2,0.95564,0.0887217,0.933418
12,1000012,sga,breast,010001000,2,0.95564,0.0222222,0.933418
12,1000012,nsga2,credit,001110001110111,9,0.891263,0.335393,0.831263
12,1000012,pso,credit,000000101000000,2,0.871173,0.0524994,0.85784
12,1000012,sga,credit,000000101000000,2,0.871173,0.0133333,0.85784
12,1000012,nsga2,letter,0000011111111111,11,0.956333,0.386006,0.887583
12,1000012,pso,letter,0000000111111111,9,0.947344,0.276575,0.891094
12,1000012,sga,letter,0000000111111111,9,0.947344,0.05625,0.891094
12,1000012,nsga2,triangle,0010000000010011,4,4,4,3.975
12,1000012,pso,triangle,0001100010000001,4,4,4,3.975
12,1000012,sga,triangle,0000001000011010,4,4,0.025,3.975
13,1000013,nsga2,breast,111001111,7,0.970122,0.221558,0.892344
13,1000013,pso,breast,010001000,2,0.95564,0.0887217,0.933418
13,1000013,sga,breast,010001000,2,0.95564,0.0222222,0.933418
13,1000013,nsga2,credit,001110001110111,9,0.891263,0.335393,0.831263
13,1000013,pso,credit,000000101000000,2,0.871173,0.0524994,0.85784
13,1000013,sga,credit,000000101000000,2,0.871173,0.0133333,0.85784
13,1000013,nsga2,letter,0000011111111111,11,0.956333,0.386006,0.887583
13,1000013,pso,letter,0000000111111111,9,0.947344,0.276575,0.891094
13,1000013,sga,letter,0000000111111111,9,0.947344,0.05625,0.891094
13,1000013,nsga2,triangle,0110000100000010,4,4,4,3.975
13,1000013,pso,triangle,1010000000000011,4,4,4,3.975
13,1000013,sga,triangle,0110000010010000,4,4,0.025,3.975
14,1000014,nsga2,breast,111001111,7,0.970122,0.221558,0.892344
14,1000014,pso,breast,010001000,2,0.95564,0.0887217,0.933418
14,1000014,sga,breast,010001000,2,0.95564,0.0222222,0.933418
14,1000014,nsga2,credit,001110001110111,9,0.891263,0.335393,0.831263
14,1000014,pso,credit,000000101000000,2,0.871173,0.0524994,0.85784
14,1000014,sga,credit,000000101000000,2,0.871173,0.0133333,0.85784
14,1000014,nsga2,letter,0000011111111111,11,0.956333,0.386006,0.887583
14,1000014,pso,letter,0000000111111111,9,0.947344,0.276575,0.891094
14,1000014,sga,letter,0000000111111111,9,0.947344,0.05625,0.891094
14,1000014,nsga2,triangle,0000100101000010,4,4,4,3.975
14,1000014,pso,triangle,0000011000100100,4,4,4,3.975
14,1000014,sga,triangle,0101001000010000,4,4,0.025,3.975
15,1000015,nsga2,breast,111001111,7,0.970122,0.221558,0.892344
15,1000015,pso,breast,010001000,2,0.95564,0.0887217,0.933418
15,1000015,sga,breast,010001000,2,0.95564,0.0222222,0.933418
15,1000015,nsga2,credit,001110001110111,9,0.891263,0.335393,0.831263
15,1000015,pso,credit,000000101000000,2,0.871173,0.0524994,0.85784
15,1000015,sga,credit,000000101000000,2,0.871173,0.0133333,0.85784
15,1000015,nsga2,letter,0000011111111111,11,0.956333,0.386006,0.887583
15,1000015,pso,letter,0000000111111111,9,0.947344,0.276575,0.891094
15,1000015,sga,letter,0000000111111111,9,0.947344,0.05625,0.891094
15,1000015,nsga2,triangle,0010000011000010,4,4,4,3.975
15,1000015,pso,triangle,0001100100000010,4,4,4,3.975
15,1000015,sga,triangle,0000010011010000,4,4,0.025,3.975
16,1000016,nsga2,breast,111001111,7,0.970122,0.221558,0.892344
16,1000016,pso,breast,010001000,2,0.95564,0.0887217,0.933418
16,1000016,sga,breast,010001000,2,0.95564,0.0222222,0.933418
16,1000016,nsga2,credit,001110001110111,9,0.891263,0.335393,0.831263
16,1000016,pso,credit,000000101000000,2,0.871173,0.0524994,0.85784
16,1000016,sga,credit,000000101000000,2,0.871173,0.0133333,0.85784
16,1000016,nsga2,letter,0000011111111111,11,0.956333,0.386006,0.887583
16,1000016,pso,letter,0000000111111111,9,0.947344,0.276575,0.891094
16,1000016,sga,letter,0000000111111111,9,0.947344,0.05625,0.891094
16,1000016,nsga2,triangle,1110000010000000,4,4,4,3.975
16,1000016,pso,triangle,1000000000001101,4,4,4,3.975
16,1000016,sga,triangle,0011000000000101,4,4,0.025,3.975
17,1000017,nsga2,breast,111001111,7,0.970122,0.221558,0.892344
17,1000017,pso,breast,010001000,2,0.95564,0.0887217,0.933418
17,1000017,sga,breast,010001000,2,0.95564,0.0222222,0.933418
17,1000017,nsga2,credit,001110001110111,9,0.891263,0.335393,0.831263
17,1000017,pso,credit,000000101000000,2,0.871173,0.0524994,0.85784
17,1000017,sga,credit,000000101000000,2,0.871173,0.0133333,0.85784
17,1000017,nsga2,letter,0000011111111111,11,0.956333,0.386006,0.887583
17,1000017,pso,letter,0000000111111111,9,0.947344,0.276575,0.891094
17,1000017,sga,letter,0000000111111111,9,0.947344,0.05625,0.891094
17,1000017,nsga2,triangle,0010010100001000,4,4,4,3.975
17,1000017,pso,triangle,0101100000100000,4,4,4,3.975
17,1000017,sga,triangle,1011000000010000,4,4,0.025,3.975
18,1000018,nsga2,breast,111001111,7,0.970122,0.221558,0.892344
18,1000018,pso,breast,010001000,2,0.95564,0.0887217,0.933418
18,1000018,sga,breast,010001000,2,0.95564,0.0222222,0.933418
18,1000018,nsga2,credit,001110001110111,9,0.891263,0.335393,0.831263
18,1000018,pso,credit,000000101000000,2,0.871173,0.0524994,0.85784
18,1000018,sga,credit,000000101000000,2,0.871173,0.0133333,0.85784
18,1000018,nsga2,letter,0000011111111111,11,0.956333,0.386006,0.887583
18,1000018,pso,letter,0000000111111111,9,0.947344,0.276575,0.891094
18,1000018,sga,letter,0000000111111111,9,0.947344,0.05625,0.891094
18,1000018,nsga2,triangle,0000100001001001,4,4,4,3.975
18,1000018,pso,triangle,0010000100000110,4,4,4,3.975
18,1000018,sga,triangle,0001010000011000,4,4,0.025,3.975
19,1000019,nsga2,breast,111001111,7,0.970122,0.221558,0.892344
19,1000019,pso,breast,010001000,2,0.95564,0.0887217,0.933418
19,1000019,sga,breast,010001000,2,0.95564,0.0222222,0.933418
19,1000019,nsga2,credit,001110001110111,9,0.891263,0.335393,0.831263
19,1000019,pso,credit,000000101000000,2,0.871173,0.0524994,0.85784
19,1000019,sga,credit,000000101000000,2,0.871173,0.0133333,0.85784
19,1000019,nsga2,letter,0000011111111111,11,0.956333,0.386006,0.887583
19,1000019,pso,letter,0000000111111111,9,0.947344,0.276575,0.891094
19,1000019,sga,letter,0000000111111111,9,0.947344,0.05625,0.891094
19,1000019,nsga2,triangle,1001100000000100,4,4,4,3.975
19,1000019,pso,triangle,0011011000000000,4,4,4,3.975
19,1000019,sga,triangle,0000010100000011,4,4,0.025,3.975
20,1000020,nsga2,breast,111001111,7,0.970122,0.221558,0.892344
20,1000020,pso,breast,010001000,2,0.95564,0.0887217,0.933418
20,1000020,sga,breast,010001000,2,0.95564,0.0222222,0.933418
20,1000020,nsga2,credit,001110001110111,9,0.891263,0.335393,0.831263
20,1000020,pso,credit,000000101000000,2,0.871173,0.0524994,0.85784
20,1000020,sga,credit,000000101000000,2,0.871173,0.0133333,0.85784
20,1000020,nsga2,letter,0000011111111111,11,0.956333,0.386006,0.887583
20,1000020,pso,letter,0000000111111111,9,0.947344,0.276575,0.891094
20,1000020,sga,letter,0000000111111111,9,0.947344,0.05625,0.891094
20,1000020,nsga2,triangle,0010100000001010,4,4,4,3.975
20,1000020,pso,triangle,0000001100010010,4,4,4,3.975
20,1000020,sga,triangle,1001010000000001,4,4,0.025,3.975
21,1000021,nsga2,breast,111001111,7,0.970122,0.221558,0.892344
21,1000021,pso,breast,010001000,2,0.95564,0.0887217,0.933418
21,1000021,sga,breast,010001000,2,0.95564,0.0222222,0.933418
21,1000021,nsga2,credit,001110001110111,9,0.891263,0.335393,0.831263
21,1000021,pso,credit,000000101000000,2,0.871173,0.0524994,0.85784
21,1000021,sga,credit,000000101000000,2,0.871173,0.0133333,0.85784
21,1000021,nsga2,letter,0000011111111111,11,0.956333,0.386006,0.887583
21,1000021,pso,letter,0000000111111111,9,0.947344,0.276575,0.891094
21,1000021,sga,letter,0000000111111111,9,0.947344,0.05625,0.891094
21,1000021,nsga2,triangle,0010000100000110,4,4,4,3.975
21,1000021,pso,triangle,0010000000101001,4,4,4,3.975
21,1000021,sga,triangle,0000000010101001,4,4,0.025,3.975
22,1000022,nsga2,breast,111001111,7,0.970122,0.221558,0.892344
22,1000022,pso,breast,010001000,2,0.95564,0.0887217,0.933418
22,1000022,sga,breast,010001000,2,0.95564,0.0222222,0.933418
22,1000022,nsga2,credit,001110001110111,9,0.891263,0.335393,0.831263
22,1000022,pso,credit,000000101000000,2,0.871173,0.0524994,0.85784
22,1000022,sga,credit,000000101000000,2,0.871173,0.0133333,0.85784
22,1000022,nsga2,letter,0000011111111111,11,0.956333,0.386006,0.887583
22,1000022,pso,letter,0000000111111111,9,0.947344,0.276575,0.891094
22,1000022,sga,letter,0000000111111111,9,0.947344,0.05625,0.891094
22,1000022,nsga2,triangle,0000010000010011,4,4,4,3.975
22,1000022,pso,triangle,1000000101000010,4,4,4,3.975
22,1000022,sga,triangle,0001110000001000,4,4,0.025,3.975
23,1000023,nsga2,breast,111001111,7,0.970122,0.221558,0.892344
23,1000023,pso,breast,010001000,2,0.95564,0.0887217,0.933418
23,1000023,sga,breast,010001000,2,0.95564,0.0222222,0.933418
23,1000023,nsga2,credit,001110001110111,9,0.891263,0.335393,0.831263
23,1000023,pso,credit,000000101000000,2,0.871173,0.0524994,0.85784
23,1000023,sga,credit,000000101000000,2,0.871173,0.0133333,0.85784
23,1000023,nsga2,letter,0000011111111111,11,0.956333,0.386006,0.887583
23,1000023,pso,letter,0000000111111111,9,0.947344,0.276575,0.891094
23,1000023,sga,letter,0000000111111111,9,0.947344,0.05625,0.891094
23,1000023,nsga2,triangle,0100001000100001,4,4,4,3.975
23,1000023,pso,triangle,0101101000000000,4,4,4,3.975
23,1000023,sga,triangle,0100011000000001,4,4,0.025,3.975
24,1000024,nsga2,breast,111001111,7,0.970122,0.221558,0.892344
24,1000024,pso,breast,010001000,2,0.95564,0.0887217,0.933418
24,1000024,sga,breast,100001010,3,0.966311,0.0333333,0.932978
24,1000024,nsga2,credit,001110001110111,9,0.891263,0.335393,0.831263
24,1000024,pso,credit,000000101000000,2,0.871173,0.0524994,0.85784
24,1000024,sga,credit,000000101000000,2,0.871173,0.0133333,0.85784
24,1000024,nsga2,letter,0000011111111111,11,0.956333,0.386006,0.887583
24,1000024,pso,letter,0000000111111111,9,0.947344,0.276575,0.891094
24,1000024,sga,letter,0000000111111111,9,0.947344,0.05625,0.891094
24,1000024,nsga2,triangle,0000010101010000,4,4,4,3.975
24,1000024,pso,triangle,0010000010100001,4,4,4,3.975
24,1000024,sga,triangle,0100001000110000,4,4,0.025,3.975
25,1000025,nsga2,breast,111001111,7,0.970122,0.221558,0.892344
25,1000025,pso,breast,010001000,2,0.95564,0.0887217,0.933418
25,1000025,sga,breast,010001000,2,0.95564,0.0222222,0.933418
25,1000025,nsga2,credit,001110001110111,9,0.891263,0.335393,0.831263
25,1000025,pso,credit,000000101000000,2,0.871173,0.0524994,0.85784
25,1000025,sga,credit,000000101000000,2,0.871173,0.0133333,0.85784
25,1000025,nsga2,letter,0000011111111111,11,0.956333,0.386006,0.887583
25,1000025,pso,letter,0000000111111111,9,0.947344,0.276575,0.891094
25,1000025,sga,letter,0000000111111111,9,0.947344,0.05625,0.891094
25,1000025,nsga2,triangle,0010000011010000,4,4,4,3.975
25,1000025,pso,triangle,0000111010000000,4,4,4,3.975
25,1000025,sga,triangle,1101000000000001,4,4,0.025,3.975
26,1000026,nsga2,breast,111001111,7,0.970122,0.221558,0.892344
26,1000026,pso,breast,010001000,2,0.95564,0.0887217,0.933418
26,1000026,sga,breast,010001000,2,0.95564,0.0222222,0.933418
26,1000026,nsga2,credit,001110001110111,9,0.891263,0.335393,0.831263
26,1000026,pso,credit,000000101000000,2,0.871173,0.0524994,0.85784
26,1000026,sga,credit,000000101000000,2,0.871173,0.0133333,0.85784
26,1000026,nsga2,letter,0000011111111111,11,0.956333,0.386006,0.887583
26,1000026,pso,letter,0000000111111111,9,0.947344,0.276575,0.891094
26,1000026,sga,letter,0000000111111111,9,0.947344,0.05625,0.891094
26,1000026,nsga2,triangle,0100010000011000,4,4,4,3.975
26,1000026,pso,triangle,0100001001000010,4,4,4,3.975
26,1000026,sga,triangle,0001010000000101,4,4,0.025,3.975
27,1000027,nsga2,breast,111001111,7,0.970122,0.221558,0.892344
27,1000027,pso,breast,010001000,2,0.95564,0.0887217,0.933418
27,1000027,sga,breast,010001000,2,0.95564,0.0222222,0.933418
27,1000027,nsga2,credit,001110001110111,9,0.891263,0.335393,0.831263
27,1000027,pso,credit,000000101000000,2,0.871173,0.0524994,0.85784
27,1000027,sga,credit,000000101000000,2,0.871173,0.0133333,0.85784
27,1000027,nsga2,letter,0000011111111111,11,0.956333,0.386006,0.887583
27,1000027,pso,letter,0000000111111111,9,0.947344,0.276575,0.891094
27,1000027,sga,letter,0000000111111111,9,0.947344,0.05625,0.891094
27,1000027,nsga2,triangle,1000000101000010,4,4,4,3.975
27,1000027,pso,triangle,0000101010010000,4,4,4,3.975
27,1000027,sga,triangle,0010001001010000,4,4,0.025,3.975
28,1000028,nsga2,breast,111001111,7,0.970122,0.221558,0.892344
28,1000028,pso,breast,010001000,2,0.95564,0.0887217,0.933418
28,1000028,sga,breast,010001000,2,0.95564,0.0222222,0.933418
28,1000028,nsga2,credit,001110001110111,9,0.891263,0.335393,0.831263
28,1000028,pso,credit,000000101000000,2,0.871173,0.0524994,0.85784
28,1000028,sga,credit,000000101000000,2,0.871173,0.0133333,0.85784
28,1000028,nsga2,letter,0000011111111111,11,0.956333,0.386006,0.887583
28,1000028,pso,letter,0000000111111111,9,0.947344,0.276575,0.891094
28,1000028,sga,letter,0000000111111111,9,0.947344,0.05625,0.891094
28,1000028,nsga2,triangle,0011000001100000,4,4,4,3.975
28,1000028,pso,triangle,0000010001010010,4,4,4,3.975
28,1000028,sga,triangle,1000000000100110,4,4,0.025,3.975
29,1000029,nsga2,breast,111001111,7,0.970122,0.221558,0.892344
29,1000029,pso,breast,010001000,2,0.95564,0.0887217,0.933418
29,1000029,sga,breast,010001000,2,0.95564,0.0222222,0.933418
29,1000029,nsga2,credit,001110001110111,9,0.891263,0.335393,0.831263
29,1000029,pso,credit,000000101000000,2,0.871173,0.0524994,0.85784
29,1000029,sga,credit,000000101000000,2,0.871173,0.0133333,0.85784
29,1000029,nsga2,letter,0000011111111111,11,0.956333,0.386006,0.887583
29,1000029,pso,letter,0000000111111111,9,0.947344,0.276575,0.891094
29,1000029,sga,letter,0000000111111111,9,0.947344,0.05625,0.891094
29,1000029,nsga2,triangle,1100000000100001,4,4,4,3.975
29,1000029,pso,triangle,0010000010010001,4,4,4,3.975
29,1000029,sga,triangle,0000001001101000,4,4,0.025,3.975
30,1000030,nsga2,breast,111001111,7,0.970122,0.221558,0.892344
30,1000030,pso,breast,010001000,2,0.95564,0.0887217,0.933418
30,1000030,sga,breast,010001000,2,0.95564,0.0222222,0.933418
30,1000030,nsga2,credit,001110001110111,9,0.891263,0.335393,0.831263
30,1000030,pso,credit,000000101000000,2,0.871173,0.0524994,0.85784
30,1000030,sga,credit,000000101000000,2,0.871173,0.0133333,0.85784
30,1000030,nsga2,letter,0000011111111111,11,0.956333,0.386006,0.887583
30,1000030,pso,letter,0000000111111111,9,0.947344,0.276575,0.891094
30,1000030,sga,letter,0000000111111111,9,0.947344,0.05625,0.891094
30,1000030,nsga2,triangle,1100000000000101,4,4,4,3.975
30,1000030,pso,triangle,0010111000000000,4,4,4,3.975
30,1000030,sga,triangle,0101000000101000,4,4,0.025,3.975
31,1000031,nsga2,breast,111001111,7,0.970122,0.221558,0.892344
31,1000031,pso,breast,010001000,2,0.95564,0.0887217,0.933418
31,1000031,sga,breast,010001000,2,0.95564,0.0222222,0.933418
31,1000031,nsga2,credit,001110001110111,9,0.891263,0.335393,0.831263
31,1000031,pso,credit,000000101000000,2,0.871173,0.0524994,0.85784
31,1000031,sga,credit,000000101000000,2,0.871173,0.0133333,0.85784
31,1000031,nsga2,letter,0000011111111111,11,0.956333,0.386006,0.887583
31,1000031,pso,letter,0000000111111111,9,0.947344,0.276575,0.891094
31,1000031,sga,letter,0000000111111111,9,0.947344,0.05625,0.891094
31,1000031,nsga2,triangle,0000000001010101,4,4,4,3.975
31,1000031,pso,triangle,0001001011000000,4,4,4,3.975
31,1000031,sga,triangle,0100000001011000,4,4,0.025,3.975
32,1000032,nsga2,breast,111001111,7,0.970122,0.221558,0.892344
32,1000032,pso,breast,010001000,2,0.95564,0.0887217,0.933418
32,1000032,sga,breast,010001000,2,0.95564,0.0222222,0.933418
32,1000032,nsga2,credit,001110001110111,9,0.891263,0.335393,0.831263
32,1000032,pso,credit,000000101000000,2,0.871173,0.0524994,0.85784
32,1000032,sga,credit,000000101000000,2,0.871173,0.0133333,0.85784
32,1000032,nsga2,letter,0000011111111111,11,0.956333,0.386006,0.887583
32,1000032,pso,letter,0000000111111111,9,0.947344,0.276575,0.891094
32,1000032,sga,letter,0000000111111111,9,0.947344,0.05625,0.891094
32,1000032,nsga2,triangle,0000101000010100,4,4,4,3.975
32,1000032,pso,triangle,0000100000111000,4,4,4,3.975
32,1000032,sga,triangle,0001000001001010,4,4,0.025,3.975
33,1000033,nsga2,breast,111001111,7,0.970122,0.221558,0.892344
33,1000033,pso,breast,010001000,2,0.95564,0.0887217,0.933418
33,1000033,sga,breast,010001000,2,0.95564,0.0222222,0.933418
33,1000033,nsga2,credit,001110001110111,9,0.891263,0.335393,0.831263
33,1000033,pso,credit,000000101000000,2,0.871173,0.0524994,0.85784
33,1000033,sga,credit,000000101000000,2,0.871173,0.0133333,0.85784
33,1000033,nsga2,letter,0000011111111111,11,0.956333,0.386006,0.887583
33,1000033,pso,letter,0000000111111111,9,0.947344,0.276575,0.891094
33,1000033,sga,letter,0000000111111111,9,0.947344,0.05625,0.891094
33,1000033,nsga2,triangle,1001000010100000,4,4,4,3.975
33,1000033,pso,triangle,1000100000100001,4,4,4,3.975
33,1000033,sga,triangle,1001001000001000,4,4,0.025,3.975
34,1000034,nsga2,breast,111001111,7,0.970122,0.221558,0.892344
34,1000034,pso,breast,010001000,2,0.95564,0.0887217,0.933418
34,1000034,sga,breast,010001000,2,0.95564,0.0222222,0.933418
34,1000034,nsga2,credit,001110001110111,9,0.891263,0.335393,0.831263
34,1000034,pso,credit,000000101000000,2,0.871173,0.0524994,0.85784
34,1000034,sga,credit,000000101000000,2,0.871173,0.0133333,0.85784
34,1000034,nsga2,letter,0000011111111111,11,0.956333,0.386006,0.887583
34,1000034,pso,letter,0000000111111111,9,0.947344,0.276575,0.891094
34,1000034,sga,letter,0000000111111111,9,0.947344,0.05625,0.891094
34,1000034,nsga2,triangle,0000010011100000,4,4,4,3.975
34,1000034,pso,triangle,0001011000100000,4,4,4,3.975
34,1000034,sga,triangle,0010000001001010,4,4,0.025,3.975
35,1000035,nsga2,breast,111001111,7,0.970122,0.221558,0.892344
35,1000035,pso,breast,010001000,2,0.95564,0.0887217,0.933418
35,1000035,sga,breast,010001000,2,0.95564,0.0222222,0.933418
35,1000035,nsga2,credit,001110001110111,9,0.891263,0.335393,0.831263
35,1000035,pso,credit,000000101000000,2,0.871173,0.0524994,0.85784
35,1000035,sga,credit,000000101000000,2,0.871173,0.0133333,0.85784
35,1000035,nsga2,letter,0000011111111111,11,0.956333,0.386006,0.887583
35,1000035,pso,letter,0000000111111111,9,0.947344,0.276575,0.891094
35,1000035,sga,letter,0000000111111111,9,0.947344,0.05625,0.891094
35,1000035,nsga2,triangle,0010000100010001,4,4,4,3.975
35,1000035,pso,triangle,0000001001100100,4,4,4,3.975
35,1000035,sga,triangle,0100000100000110,4,4,0.025,3.975
36,1000036,nsga2,breast,111001111,7,0.970122,0.221558,0.892344
36,1000036,pso,breast,010001000,2,0.95564,0.0887217,0.933418
36,1000036,sga,breast,010001000,2,0.95564,0.0222222,0.933418
36,1000036,nsga2,credit,001110001110111,9,0.891263,0.335393,0.831263
36,1000036,pso,credit,000000101000000,2,0.871173,0.0524994,0.85784
36,1000036,sga,credit,000000101000000,2,0.871173,0.0133333,0.85784
36,1000036,nsga2,letter,0000011111111111,11,0.956333,0.386006,0.887583
36,1000036,pso,letter,0000000111111111,9,0.947344,0.276575,0.891094
36,1000036,sga,letter,0000000111111111,9,0.947344,0.05625,0.891094
36,1000036,nsga2,triangle,0000010001001010,4,4,4,3.975
36,1000036,pso,triangle,0000011100100000,4,4,4,3.975
36,1000036,sga,triangle,1000000000010101,4,4,0.025,3.975
37,1000037,nsga2,breast,111001111,7,0.970122,0.221558,0.892344
37,1000037,pso,breast,010001000,2,0.95564,0.0887217,0.933418
37,1000037,sga,breast,010001000,2,0.95564,0.0222222,0.933418
37,1000037,nsga2,credit,001110001110111,9,0.891263,0.335393,0.831263
37,1000037,pso,credit,000000101000000,2,0.871173,0.0524994,0.85784
37,1000037,sga,credit,000000101000000,2,0.871173,0.0133333,0.85784
37,1000037,nsga2,letter,0000011111111111,11,0.956333,0.386006,0.887583
37,1000037,pso,letter,0000000111111111,9,0.947344,0.276575,0.891094
37,1000037,sga,letter,0000000111111111,9,0.947344,0.05625,0.891094
37,1000037,nsga2,triangle,0000001110010000,4,4,4,3.975
37,1000037,pso,triangle,0000000110010010,4,4,4,3.975
37,1000037,sga,triangle,1001011000000000,4,4,0.025,3.975
38,1000038,nsga2,breast,111001111,7,0.970122,0.221558,0.892344
38,1000038,pso,breast,010001000,2,0.95564,0.0887217,0.933418
38,1000038,sga,breast,010001000,2,0.95564,0.0222222,0.933418
38,1000038,nsga2,credit,001110001110111,9,0.891263,0.335393,0.831263
38,1000038,pso,credit,000000101000000,2,0.871173,0.0524994,0.85784
38,1000038,sga,credit,000000101000000,2,0.871173,0.0133333,0.85784
38,1000038,nsga2,letter,0000011111111111,11,0.956333,0.386006,0.887583
38,1000038,pso,letter,0000000111111111,9,0.947344,0.276575,0.891094
38,1000038,sga,letter,0000000111111111,9,0.947344,0.05625,0.891094
38,1000038,nsga2,triangle,0000011000101000,4,4,4,3.975
38,1000038,pso,triangle,0100100000010010,4,4,4,3.975
38,1000038,sga,triangle,0000001100010100,4,4,0.025,3.975
39,1000039,nsga2,breast,111001111,7,0.970122,0.221558,0.892344
39,1000039,pso,breast,010001000,2,0.95564,0.0887217,0.933418
39,1000039,sga,breast,010001000,2,0.95564,0.0222222,0.933418
39,1000039,nsga2,credit,001110001110111,9,0.891263,0.335393,0.831263
39,1000039,pso,credit,000000101000000,2,0.871173,0.0524994,0.85784
39,1000039,sga,credit,000000101000000,2,0.871173,0.0133333,0.85784
39,1000039,nsga2,letter,0000011111111111,11,0.956333,0.386006,0.887583
39,1000039,pso,letter,0000000111111111,9,0.947344,0.276575,0.891094
39,1000039,sga,letter,0000000111111111,9,0.947344,0.05625,0.891094
39,1000039,nsga2,triangle,1000010000001001,4,4,4,3.975
39,1000039,pso,triangle,1000001010010000,4,4,4,3.975
39,1000039,sga,triangle,1000100000000101,4,4,0.025,3.975
40,1000040,nsga2,breast,111001111,7,0.970122,0.221558,0.892344
40,1000040,pso,breast,010001000,2,0.95564,0.0887217,0.933418
40,1000040,sga,breast,010001000,2,0.95564,0.0222222,0.933418
40,1000040,nsga2,credit,001110001110111,9,0.891263,0.335393,0.831263
40,1000040,pso,credit,000000101000000,2,0.871173,0.0524994,0.85784
40,1000040,sga,credit,000000101000000,2,0.871173,0.0133333,0.85784
40,1000040,nsga2,letter,0000011111111111,11,0.956333,0.386006,0.887583
40,1000040,pso,letter,0000000111111111,9,0.947344,0.276575,0.891094
40,1000040,sga,letter,0000000111111111,9,0.947344,0.05625,0.891094
40,1000040,nsga2,triangle,0000011000001010,4,4,4,3.975
40,1000040,pso,triangle,0001010000000101,4,4,4,3.975
40,1000040,sga,triangle,0101000001000010,4,4,0.025,3.975
41,1000041,nsga2,breast,111001111,7,0.970122,0.221558,0.892344
41,1000041,pso,breast,010001000,2,0.95564,0.0887217,0.933418
41,1000041,sga,breast,100001010,3,0.966311,0.0333333,0.932978
41,1000041,nsga2,credit,001110001110111,9,0.891263,0.335393,0.831263
41,1000041,pso,credit,000000101000000,2,0.871173,0.0524994,0.85784
41,1000041,sga,credit,000000101000000,2,0.871173,0.0133333,0.85784
41,1000041,nsga2,letter,0000011111111111,11,0.956333,0.386006,0.887583
41,1000041,pso,letter,0000000111111111,9,0.947344,0.276575,0.891094
41,1000041,sga,letter,0000000111111111,9,0.947344,0.05625,0.891094
41,1000041,nsga2,triangle,0100000100000110,4,4,4,3.975
41,1000041,pso,triangle,0000000000010111,4,4,4,3.975
41,1000041,sga,triangle,0010010010100000,4,4,0.025,3.975
42,1000042,nsga2,breast,111001111,7,0.970122,0.221558,0.892344
42,1000042,pso,breast,010001000,2,0.95564,0.0887217,0.933418
42,1000042,sga,breast,010001000,2,0.95564,0.0222222,0.933418
42,1000042,nsga2,credit,001110001110111,9,0.891263,0.335393,0.831263
42,1000042,pso,credit,000000101000000,2,0.871173,0.0524994,0.85784
42,1000042,sga,credit,000000101000000,2,0.871173,0.0133333,0.85784
42,1000042,nsga2,letter,0000011111111111,11,0.956333,0.386006,0.887583
42,1000042,pso,letter,0000000111111111,9,0.947344,0.276575,0.891094
42,1000042,sga,letter,0000000111111111,9,0.947344,0.05625,0.891094
42,1000042,nsga2,triangle,0101100000100000,4,4,4,3.975
42,1000042,pso,triangle,0101000000001001,4,4,4,3.975
42,1000042,sga,triangle,1000000100001001,4,4,0.025,3.975
43,1000043,nsga2,breast,111001111,7,0.970122,0.221558,0.892344
43,1000043,pso,breast,010001000,2,0.95564,0.0887217,0.933418
43,1000043,sga,breast,010001000,2,0.95564,0.0222222,0.933418
43,1000043,nsga2,credit,001110001110111,9,0.891263,0.335393,0.831263
43,1000043,pso,credit,000000101000000,2,0.871173,0.0524994,0.85784
43,1000043,sga,credit,000000101000000,2,0.871173,0.0133333,0.85784
43,1000043,nsga2,letter,0000011111111111,11,0.956333,0.386006,0.887583
43,1000043,pso,letter,0000000111111111,9,0.947344,0.276575,0.891094
43,1000043,sga,letter,0000000111111111,9,0.947344,0.05625,0.891094
43,1000043,nsga2,triangle,0000101010001000,4,4,4,3.975
43,1000043,pso,triangle,0100001000000011,4,4,4,3.975
43,1000043,sga,triangle,0000000101001010,4,4,0.025,3.975
44,1000044,nsga2,breast,111001111,7,0.970122,0.221558,0.892344
44,1000044,pso,breast,010001000,2,0.95564,0.0887217,0.933418
44,1000044,sga,breast,010001000,2,0.95564,0.0222222,0.933418
44,1000044,nsga2,credit,001110001110111,9,0.891263,0.335393,0.831263
44,1000044,pso,credit,000000101000000,2,0.871173,0.0524994,0.85784
44,1000044,sga,credit,000000101000000,2,0.871173,0.0133333,0.85784
44,1000044,nsga2,letter,0000011111111111,11,0.956333,0.386006,0.887583
44,1000044,pso,letter,0000000111111111,9,0.947344,0.276575,0.891094
44,1000044,sga,letter,0000000111111111,9,0.947344,0.05625,0.891094
44,1000044,nsga2,triangle,1000010010000010,4,4,4,3.975
44,1000044,pso,triangle,0010010011000000,4,4,4,3.975
44,1000044,sga,triangle,1000001000100010,4,4,0.025,3.975
45,1000045,nsga2,breast,111001111,7,0.970122,0.221558,0.892344
45,1000045,pso,breast,010001000,2,0.95564,0.0887217,0.933418
45,1000045,sga,breast,010001000,2,0.95564,0.0222222,0.933418
45,1000045,nsga2,credit,001110001110111,9,0.891263,0.335393,0.831263
45,1000045,pso,credit,000000101000000,2,0.871173,0.0524994,0.85784
45,1000045,sga,credit,000000101000000,2,0.871173,0.0133333,0.85784
45,1000045,nsga2,letter,0000011111111111,11,0.956333,0.386006,0.887583
45,1000045,pso,letter,0000000111111111,9,0.947344,0.276575,0.891094
45,1000045,sga,letter,0000000111111111,9,0.947344,0.05625,0.891094
45,1000045,nsga2,triangle,0000010001110000,4,4,4,3.975
45,1000045,pso,triangle,0010010000000011,4,4,4,3.975
45,1000045,sga,triangle,0001001000001100,4,4,0.025,3.975
46,1000046,nsga2,breast,111001111,7,0.970122,0.221558,0.892344
46,1000046,pso,breast,010001000,2,0.95564,0.0887217,0.933418
46,1000046,sga,breast,010001000,2,0.95564,0.0222222,0.933418
46,1000046,nsga2,credit,001110001110111,9,0.891263,0.335393,0.831263
46,1000046,pso,credit,000000101000000,2,0.871173,0.0524994,0.85784
46,1000046,sga,credit,000000101000000,2,0.871173,0.0133333,0.85784
46,1000046,nsga2,letter,0000011111111111,11,0.956333,0.386006,0.887583
46,1000046,pso,letter,0000000111111111,9,0.947344,0.276575,0.891094
46,1000046,sga,letter,0000000111111111,9,0.947344,0.05625,0.891094
46,1000046,nsga2,triangle,0110000000000110,4,4,4,3.975
46,1000046,pso,triangle,0010101000100000,4,4,4,3.975
46,1000046,sga,triangle,0010001001001000,4,4,0.025,3.975
47,1000047,nsga2,breast,111001111,7,0.970122,0.221558,0.892344
47,1000047,pso,breast,010001000,2,0.95564,0.0887217,0.933418
47,1000047,sga,breast,010001000,2,0.95564,0.0222222,0.933418
47,1000047,nsga2,credit,001110001110111,9,0.891263,0.335393,0.831263
47,1000047,pso,credit,000000101000000,2,0.871173,0.0524994,0.85784
47,1000047,sga,credit,000000101000000,2,0.871173,0.0133333,0.85784
47,1000047,nsga2,letter,0000011111111111,11,0.956333,0.386006,0.887583
47,1000047,pso,letter,0000000111111111,9,0.947344,0.276575,0.891094
47,1000047,sga,letter,0000000111111111,9,0.947344,0.05625,0.891094
47,1000047,nsga2,triangle,0011001001000000,4,4,4,3.975
47,1000047,pso,triangle,0010010000001001,4,4,4,3.975
47,1000047,sga,triangle,1100010001000000,4,4,0.025,3.975
48,1000048,nsga2,breast,111001111,7,0.970122,0.221558,0.892344
48,1000048,pso,breast,010001000,2,0.95564,0.0887217,0.933418
48,1000048,sga,breast,010001000,2,0.95564,0.0222222,0.933418
48,1000048,nsga2,credit,001110001110111,9,0.891263,0.335393,0.831263
48,1000048,pso,credit,000000101000000,2,0.871173,0.0524994,0.85784
48,1000048,sga,credit,000000101000000,2,0.871173,0.0133333,0.85784
48,1000048,nsga2,letter,0000011111111111,11,0.956333,0.386006,0.887583
48,1000048,pso,letter,0000000111111111,9,0.947344,0.276575,0.891094
48,1000048,sga,letter,0000000111111111,9,0.947344,0.05625,0.891094
48,1000048,nsga2,triangle,1100000000110000,4,4,4,3.975
48,1000048,pso,triangle,1000001100001000,4,4,4,3.975
48,1000048,sga,triangle,1010001000000010,4,4,0.025,3.975
49,1000049,nsga2,breast,111001111,7,0.970122,0.221558,0.892344
49,1000049,pso,breast,010001000,2,0.95564,0.0887217,0.933418
49,1000049,sga,breast,010001000,2,0.95564,0.0222222,0.933418
49,1000049,nsga2,credit,001110001110111,9,0.891263,0.335393,0.831263
49,1000049,pso,credit,000000101000000,2,0.871173,0.0524994,0.85784
49,1000049,sga,credit,000000101000000,2,0.871173,0.0133333,0.85784
49,1000049,nsga2,letter,0000011111111111,11,0.956333,0.386006,0.887583
49,1000049,pso,letter,0000000111111111,9,0.947344,0.276575,0.891094
49,1000049,sga,letter,0000000111111111,9,0.947344,0.05625,0.891094
49,1000049,nsga2,triangle,0000001010010010,4,4,4,3.975
49,1000049,pso,triangle,1001000000100001,4,4,4,3.975
49,1000049,sga,triangle,0001010100000010,4,4,0.025,3.975
50,1000050,nsga2,breast,111001111,7,0.970122,0.221558,0.892344
50,1000050,pso,breast,010001000,2,0.95564,0.0887217,0.933418
50,1000050,sga,breast,010001000,2,0.95564,0.0222222,0.933418
50,1000050,nsga2,credit,001110001110111,9,0.891263,0.335393,0.831263
50,1000050,pso,credit,000000101000000,2,0.871173,0.0524994,0.85784
50,1000050,sga,credit,000000101000000,2,0.871173,0.0133333,0.85784
50,1000050,nsga2,letter,0000011111111111,11,0.956333,0.386006,0.887583
50,1000050,pso,letter,0000000111111111,9,0.947344,0.276575,0.891094
50,1000050,sga,letter,0000000111111111,9,0.947344,0.05625,0.891094
50,1000050,nsga2,triangle,0100000000001101,4,4,4,3.975
50,1000050,pso,triangle,0011000100000100,4,4,4,3.975
50,1000050,sga,triangle,0001000010010001,4,4,0.025,3.975
51,1000051,nsga2,breast,111001111,7,0.970122,0.221558,0.892344
51,1000051,pso,breast,010001000,2,0.95564,0.0887217,0.933418
51,1000051,sga,breast,010001000,2,0.95564,0.0222222,0.933418
51,1000051,nsga2,credit,101111001111111,12,0.890944,0.336846,0.810944
51,1000051,pso,credit,000000101000000,2,0.871173,0.0524994,0.85784
51,1000051,sga,credit,000000101000000,2,0.871173,0.0133333,0.85784
51,1000051,nsga2,letter,0000011111111111,11,0.956333,0.386006,0.887583
51,1000051,pso,letter,0000000111111111,9,0.947344,0.276575,0.891094
51,1000051,sga,letter,0000000111111111,9,0.947344,0.05625,0.891094
51,1000051,nsga2,triangle,0001110001000000,4,4,4,3.975
51,1000051,pso,triangle,0010001000010010,4,4,4,3.975
51,1000051,sga,triangle,0001000011010000,4,4,0.025,3.975
52,1000052,nsga2,breast,111001111,7,0.970122,0.221558,0.892344
52,1000052,pso,breast,010001000,2,0.95564,0.0887217,0.933418
52,1000052,sga,breast,010001000,2,0.95564,0.0222222,0.933418
52,1000052,nsga2,credit,001110001110111,9,0.891263,0.335393,0.831263
52,1000052,pso,credit,000000101000000,2,0.871173,0.0524994,0.85784
52,1000052,sga,credit,000100001100011,5,0.887117,0.0333333,0.853784
52,1000052,nsga2,letter,0000011111111111,11,0.956333,0.386006,0.887583
52,1000052,pso,letter,0000000111111111,9,0.947344,0.276575,0.891094
52,1000052,sga,letter,0000000111111111,9,0.947344,0.05625,0.891094
52,1000052,nsga2,triangle,1100010010000000,4,4,4,3.975
52,1000052,pso,triangle,1000000000010101,4,4,4,3.975
52,1000052,sga,triangle,0001000000011010,4,4,0.025,3.975
53,1000053,nsga2,breast,111001111,7,0.970122,0.221558,0.892344
53,1000053,pso,breast,010001000,2,0.95564,0.0887217,0.933418
53,1000053,sga,breast,010001000,2,0.95564,0.0222222,0.933418
53,1000053,nsga2,credit,001110001110111,9,0.891263,0.335393,0.831263
53,1000053,pso,credit,000000101000000,2,0.871173,0.0524994,0.85784
53,1000053,sga,credit,000000101000000,2,0.871173,0.0133333,0.85784
53,1000053,nsga2,letter,0000011111111111,11,0.956333,0.386006,0.887583
53,1000053,pso,letter,0000000111111111,9,0.947344,0.276575,0.891094
53,1000053,sga,letter,0000000111111111,9,0.947344,0.05625,0.891094
53,1000053,nsga2,triangle,1000101001000000,4,4,4,3.975
53,1000053,pso,triangle,0111000100000000,4,4,4,3.975
53,1000053,sga,triangle,0001001001000100,4,4,0.025,3.975
54,1000054,nsga2,breast,111001111,7,0.970122,0.221558,0.892344
54,1000054,pso,breast,010001000,2,0.95564,0.0887217,0.933418
54,1000054,sga,breast,010001000,2,0.95564,0.0222222,0.933418
54,1000054,nsga2,credit,001110001110111,9,0.891263,0.335393,0.831263
54,1000054,pso,credit,000000101000000,2,0.871173,0.0524994,0.85784
54,1000054,sga,credit,000000101000000,2,0.871173,0.0133333,0.85784
54,1000054,nsga2,letter,0000011111111111,11,0.956333,0.386006,0.887583
54,1000054,pso,letter,0000000111111111,9,0.947344,0.276575,0.891094
54,1000054,sga,letter,0000000111111111,9,0.947344,0.05625,0.891094
54,1000054,nsga2,triangle,0010101000000001,4,4,4,3.975
54,1000054,pso,triangle,0011000011000000,4,4,4,3.975
54,1000054,sga,triangle,0000000111000010,4,4,0.025,3.975
55,1000055,nsga2,breast,111001111,7,0.970122,0.221558,0.892344
55,1000055,pso,breast,010001000,2,0.95564,0.0887217,0.933418
55,1000055,sga,breast,010001000,2,0.95564,0.0222222,0.933418
55,1000055,nsga2,credit,001110001110111,9,0.891263,0.335393,0.831263
55,1000055,pso,credit,000000101000000,2,0.871173,0.0524994,0.85784
55,1000055,sga,credit,000000101000000,2,0.871173,0.0133333,0.85784
55,1000055,nsga2,letter,0000011111111111,11,0.956333,0.386006,0.887583
55,1000055,pso,letter,0000000111111111,9,0.947344,0.276575,0.891094
55,1000055,sga,letter,0000000111111111,9,0.947344,0.05625,0.891094
55,1000055,nsga2,triangle,0010000101000001,4,4,4,3.975
55,1000055,pso,triangle,1101001000000000,4,4,4,3.975
55,1000055,sga,triangle,0010001001010000,4,4,0.025,3.975
56,1000056,nsga2,breast,111001111,7,0.970122,0.221558,0.892344
56,1000056,pso,breast,010001000,2,0.95564,0.0887217,0.933418
56,1000056,sga,breast,010001000,2,0.95564,0.0222222,0.933418
56,1000056,nsga2,credit,001110001110111,9,0.891263,0.335393,0.831263
56,1000056,pso,credit,000000101000000,2,0.871173,0.0524994,0.85784
56,1000056,sga,credit,000000101000000,2,0.871173,0.0133333,0.85784
56,1000056,nsga2,letter,0000011111111111,11,0.956333,0.386006,0.887583
56,1000056,pso,letter,0000000111111111,9,0.947344,0.276575,0.891094
56,1000056,sga,letter,0000000111111111,9,0.947344,0.05625,0.891094
56,1000056,nsga2,triangle,1000010000101000,4,4,4,3.975
56,1000056,pso,triangle,1010000000001100,4,4,4,3.975
56,1000056,sga,triangle,0000010010010010,4,4,0.025,3.975
57,1000057,nsga2,breast,111001111,7,0.970122,0.221558,0.892344
57,1000057,pso,breast,010001000,2,0.95564,0.0887217,0.933418
57,1000057,sga,breast,010001000,2,0.95564,0.0222222,0.933418
57,1000057,nsga2,credit,001110001110111,9,0.891263,0.335393,0.831263
57,1000057,pso,credit,000000101000000,2,0.871173,0.0524994,0.85784
57,1000057,sga,credit,000000101000000,2,0.871173,0.0133333,0.85784
57,1000057,nsga2,letter,0000011111111111,11,0.956333,0.386006,0.887583
57,1000057,pso,letter,0000000111111111,9,0.947344,0.276575,0.891094
57,1000057,sga,letter,0000000111111111,9,0.947344,0.05625,0.891094
57,1000057,nsga2,triangle,0000001001001010,4,4,4,3.975
57,1000057,pso,triangle,0000011011000000,4,4,4,3.975
57,1000057,sga,triangle,0001100100010000,4,4,0.025,3.975
58,1000058,nsga2,breast,111001111,7,0.970122,0.221558,0.892344
58,1000058,pso,breast,010001000,2,0.95564,0.0887217,0.933418
58,1000058,sga,breast,010001000,2,0.95564,0.0222222,0.933418
58,1000058,nsga2,credit,001110001110111,9,0.891263,0.335393,0.831263
58,1000058,pso,credit,000000101000000,2,0.871173,0.0524994,0.85784
58,1000058,sga,credit,000000101000000,2,0.871173,0.0133333,0.85784
58,1000058,nsga2,letter,0000011111111111,11,0.956333,0.386006,0.887583
58,1000058,pso,letter,0000000111111111,9,0.947344,0.276575,0.891094
58,1000058,sga,letter,0000000111111111,9,0.947344,0.05625,0.891094
58,1000058,nsga2,triangle,1010000000110000,4,4,4,3.975
58,1000058,pso,triangle,0000000110100100,4,4,4,3.975
58,1000058,sga,triangle,1000000100010001,4,4,0.025,3.975
59,1000059,nsga2,breast,111001111,7,0.970122,0.221558,0.892344
59,1000059,pso,breast,010001000,2,0.95564,0.0887217,0.933418
59,1000059,sga,breast,010001000,2,0.95564,0.0222222,0.933418
59,1000059,nsga2,credit,001110001110111,9,0.891263,0.335393,0.831263
59,1000059,pso,credit,000000101000000,2,0.871173,0.0524994,0.85784
59,1000059,sga,credit,000000101000000,2,0.871173,0.0133333,0.85784
59,1000059,nsga2,letter,0000011111111111,11,0.956333,0.386006,0.887583
59,1000059,pso,letter,0000000111111111,9,0.947344,0.276575,0.891094
59,1000059,sga,letter,0000000111111111,9,0.947344,0.05625,0.891094
59,1000059,nsga2,triangle,0010000101010000,4,4,4,3.975
59,1000059,pso,triangle,0010100010001000,4,4,4,3.975
59,1000059,sga,triangle,0000001010001100,4,4,0.025,3.975
60,1000060,nsga2,breast,111001111,7,0.970122,0.221558,0.892344
60,1000060,pso,breast,010001000,2,0.95564,0.0887217,0.933418
60,1000060,sga,breast,010001000,2,0.95564,0.0222222,0.933418
60,1000060,nsga2,credit,101111001111111,12,0.890944,0.336846,0.810944
60,1000060,pso,credit,000000101000000,2,0.871173,0.0524994,0.85784
60,1000060,sga,credit,000000101000000,2,0.871173,0.0133333,0.85784
60,1000060,nsga2,letter,0000011111111111,11,0.956333,0.386006,0.887583
60,1000060,pso,letter,0000000111111111,9,0.947344,0.276575,0.891094
60,1000060,sga,letter,0000000111111111,9,0.947344,0.05625,0.891094
60,1000060,nsga2,triangle,1001000001000100,4,4,4,3.975
60,1000060,pso,triangle,0010010100001000,4,4,4,3.975
60,1000060,sga,triangle,0100100000010001,4,4,0.025,3.975
61,1000061,nsga2,breast,111001111,7,0.970122,0.221558,0.892344
61,1000061,pso,breast,010001000,2,0.95564,0.0887217,0.933418
61,1000061,sga,breast,010001000,2,0.95564,0.0222222,0.933418
61,1000061,nsga2,credit,001110001110111,9,0.891263,0.335393,0.831263
61,1000061,pso,credit,000000101000000,2,0.871173,0.0524994,0.85784
61,1000061,sga,credit,000000101000000,2,0.871173,0.0133333,0.85784
61,1000061,nsga2,letter,0000011111111111,11,0.956333,0.386006,0.887583
61,1000061,pso,letter,0000000111111111,9,0.947344,0.276575,0.891094
61,1000061,sga,letter,0000000111111111,9,0.947344,0.05625,0.891094
61,1000061,nsga2,triangle,0100000010001100,4,4,4,3.975
61,1000061,pso,triangle,0110010000000010,4,4,4,3.975
61,1000061,sga,triangle,0100000111000000,4,4,0.025,3.975
62,1000062,nsga2,breast,111001111,7,0.970122,0.221558,0.892344
62,1000062,pso,breast,010001000,2,0.95564,0.0887217,0.933418
62,1000062,sga,breast,010001000,2,0.95564,0.0222222,0.933418
62,1000062,nsga2,credit,001110001110111,9,0.891263,0.335393,0.831263
62,1000062,pso,credit,000000101000000,2,0.871173,0.0524994,0.85784
62,1000062,sga,credit,000000101000000,2,0.871173,0.0133333,0.85784
62,1000062,nsga2,letter,0000011111111111,11,0.956333,0.386006,0.887583
62,1000062,pso,letter,0000000111111111,9,0.947344,0.276575,0.891094
62,1000062,sga,letter,0000000111111111,9,0.947344,0.05625,0.891094
62,1000062,nsga2,triangle,1000000001100010,4,4,4,3.975
62,1000062,pso,triangle,1111000000000000,4,4,4,3.975
62,1000062,sga,triangle,0110001001000000,4,4,0.025,3.975
63,1000063,nsga2,breast,111001111,7,0.970122,0.221558,0.892344
63,1000063,pso,breast,010001000,2,0.95564,0.0887217,0.933418
63,1000063,sga,breast,010001000,2,0.95564,0.0222222,0.933418
63,1000063,nsga2,credit,001110001110111,9,0.891263,0.335393,0.831263
63,1000063,pso,credit,000000101000000,2,0.871173,0.0524994,0.85784
63,1000063,sga,credit,000000101000000,2,0.871173,0.0133333,0.85784
63,1000063,nsga2,letter,0000011111111111,11,0.956333,0.386006,0.887583
63,1000063,pso,letter,0000000111111111,9,0.947344,0.276575,0.891094
63,1000063,sga,letter,0000000111111111,9,0.947344,0.05625,0.891094
63,1000063,nsga2,triangle,0010000001100001,4,4,4,3.975
63,1000063,pso,triangle,0000101100001000,4,4,4,3.975
63,1000063,sga,triangle,1000001011000000,4,4,0.025,3.975
64,1000064,nsga2,breast,111001111,7,0.970122,0.221558,0.892344
64,1000064,pso,breast,010001000,2,0.95564,0.0887217,0.933418
64,1000064,sga,breast,010001000,2,0.95564,0.0222222,0.933418
64,1000064,nsga2,credit,001110001110111,9,0.891263,0.335393,0.831263
64,1000064,pso,credit,000000101000000,2,0.871173,0.0524994,0.85784
64,1000064,sga,credit,000000101000000,2,0.871173,0.0133333,0.85784
64,1000064,nsga2,letter,0000011111111111,11,0.956333,0.386006,0.887583
64,1000064,pso,letter,0000000111111111,9,0.947344,0.276575,0.891094
64,1000064,sga,letter,0000000111111111,9,0.947344,0.05625,0.891094
64,1000064,nsga2,triangle,0000000101100100,4,4,4,3.975
64,1000064,pso,triangle,0001010001000100,4,4,4,3.975
64,1000064,sga,triangle,1000100000010100,4,4,0.025,3.975
65,1000065,nsga2,breast,111001111,7,0.970122,0.221558,0.892344
65,1000065,pso,breast,010001000,2,0.95564,0.0887217,0.933418
65,1000065,sga,breast,010001000,2,0.95564,0.0222222,0.933418
65,1000065,nsga2,credit,001110001110111,9,0.891263,0.335393,0.831263
65,1000065,pso,credit,000000101000000,2,0.871173,0.0524994,0.85784
65,1000065,sga,credit,000000101000000,2,0.871173,0.0133333,0.85784
65,1000065,nsga2,letter,0000011111111111,11,0.956333,0.386006,0.887583
65,1000065,pso,letter,0000000111111111,9,0.947344,0.276575,0.891094
65,1000065,sga,letter,0000000111111111,9,0.947344,0.05625,0.891094
65,1000065,nsga2,triangle,1000100010001000,4,4,4,3.975
65,1000065,pso,triangle,0010100000100001,4,4,4,3.975
65,1000065,sga,triangle,0110000000001001,4,4,0.025,3.975
66,1000066,nsga2,breast,111001111,7,0.970122,0.221558,0.892344
66,1000066,pso,breast,010001000,2,0.95564,0.0887217,0.933418
66,1000066,sga,breast,010001000,2,0.95564,0.0222222,0.933418
66,1000066,nsga2,credit,001110001110111,9,0.891263,0.335393,0.831263
66,1000066,pso,credit,000000101000000,2,0.871173,0.0524994,0.85784
66,1000066,sga,credit,000000101000000,2,0.871173,0.0133333,0.85784
66,1000066,nsga2,letter,0000011111111111,11,0.956333,0.386006,0.887583
66,1000066,pso,letter,0000000111111111,9,0.947344,0.276575,0.891094
66,1000066,sga,letter,0000000111111111,9,0.947344,0.05625,0.891094
66,1000066,nsga2,triangle,0010010000000011,4,4,4,3.975
66,1000066,pso,triangle,1001000100100000,4,4,4,3.975
66,1000066,sga,triangle,0110000100001000,4,4,0.025,3.975
67,1000067,nsga2,breast,111001111,7,0.970122,0.221558,0.892344
67,1000067,pso,breast,010001000,2,0.95564,0.0887217,0.933418
67,1000067,sga,breast,010001000,2,0.95564,0.0222222,0.933418
67,1000067,nsga2,credit,001110001110111,9,0.891263,0.335393,0.831263
67,1000067,pso,credit,000000101000000,2,0.871173,0.0524994,0.85784
67,1000067,sga,credit,000000101000000,2,0.871173,0.0133333,0.85784
67,1000067,nsga2,letter,0000011111111111,11,0.956333,0.386006,0.887583
67,1000067,pso,letter,0000000111111111,9,0.947344,0.276575,0.891094
67,1000067,sga,letter,0000000111111111,9,0.947344,0.05625,0.891094
67,1000067,nsga2,triangle,0000010001000110,4,4,4,3.975
67,1000067,pso,triangle,0011000000000110,4,4,4,3.975
67,1000067,sga,triangle,0101010000001000,4,4,0.025,3.975
68,1000068,nsga2,breast,111001111,7,0.970122,0.221558,0.892344
68,1000068,pso,breast,010001000,2,0.95564,0.0887217,0.933418
68,1000068,sga,breast,010001000,2,0.95564,0.0222222,0.933418
68,1000068,nsga2,credit,001110001110111,9,0.891263,0.335393,0.831263
68,1000068,pso,credit,000000101000000,2,0.871173,0.0524994,0.85784
68,1000068,sga,credit,000000101000000,2,0.871173,0.0133333,0.85784
68,1000068,nsga2,letter,0000011111111111,11,0.956333,0.386006,0.887583
68,1000068,pso,letter,0000000111111111,9,0.947344,0.276575,0.891094
68,1000068,sga,letter,0000000111111111,9,0.947344,0.05625,0.891094
68,1000068,nsga2,triangle,0000110000000110,4,4,4,3.975
68,1000068,pso,triangle,0000100001000011,4,4,4,3.975
68,1000068,sga,triangle,1001001000000010,4,4,0.025,3.975
69,1000069,nsga2,breast,111001111,7,0.970122,0.221558,0.892344
69,1000069,pso,breast,010001000,2,0.95564,0.0887217,0.933418
69,1000069,sga,breast,010001000,2,0.95564,0.0222222,0.933418
69,1000069,nsga2,credit,001110001110111,9,0.891263,0.335393,0.831263
69,1000069,pso,credit,000000101000000,2,0.871173,0.0524994,0.85784
69,1000069,sga,credit,000000101000000,2,0.871173,0.0133333,0.85784
69,1000069,nsga2,letter,0000011111111111,11,0.956333,0.386006,0.887583
69,1000069,pso,letter,0000000111111111,9,0.947344,0.276575,0.891094
69,1000069,sga,letter,0000000111111111,9,0.947344,0.05625,0.891094
69,1000069,nsga2,triangle,0101100000000001,4,4,4,3.975
69,1000069,pso,triangle,0001000000101010,4,4,4,3.975
69,1000069,sga,triangle,0001011000100000,4,4,0.025,3.975
70,1000070,nsga2,breast,111001111,7,0.970122,0.221558,0.892344
70,1000070,pso,breast,010001000,2,0.95564,0.0887217,0.933418
70,1000070,sga,breast,010001000,2,0.95564,0.0222222,0.933418
70,1000070,nsga2,credit,101111001111111,12,0.890944,0.336846,0.810944
70,1000070,pso,credit,000000101000000,2,0.871173,0.0524994,0.85784
70,1000070,sga,credit,000000101000000,2,0.871173,0.0133333,0.85784
70,1000070,nsga2,letter,0000011111111111,11,0.956333,0.386006,0.887583
70,1000070,pso,letter,0000000111111111,9,0.947344,0.276575,0.891094
70,1000070,sga,letter,0000000111111111,9,0.947344,0.05625,0.891094
70,1000070,nsga2,triangle,0010000001100010,4,4,4,3.975
70,1000070,pso,triangle,0001010010001000,4,4,4,3.975
70,1000070,sga,triangle,0000100100110000,4,4,0.025,3.975
71,1000071,nsga2,breast,111001111,7,0.970122,0.221558,0.892344
71,1000071,pso,breast,010001000,2,0.95564,0.0887217,0.933418
71,1000071,sga,breast,010001000,2,0.95564,0.0222222,0.933418
71,1000071,nsga2,credit,001110001110111,9,0.891263,0.335393,0.831263
71,1000071,pso,credit,000000101000000,2,0.871173,0.0524994,0.85784
71,1000071,sga,credit,000000101000000,2,0.871173,0.0133333,0.85784
71,1000071,nsga2,letter,0000011111111111,11,0.956333,0.386006,0.887583
71,1000071,pso,letter,0000000111111111,9,0.947344,0.276575,0.891094
71,1000071,sga,letter,0000000111111111,9,0.947344,0.05625,0.891094
71,1000071,nsga2,triangle,0001110001000000,4,4,4,3.975
71,1000071,pso,triangle,0001010001100000,4,4,4,3.975
71,1000071,sga,triangle,0100000000010101,4,4,0.025,3.975
72,1000072,nsga2,breast,111001111,7,0.970122,0.221558,0.892344
72,1000072,pso,breast,010001000,2,0.95564,0.0887217,0.933418
72,1000072,sga,breast,100001010,3,0.966311,0.0333333,0.932978
72,1000072,nsga2,credit,001110001110111,9,0.891263,0.335393,0.831263
72,1000072,pso,credit,000000101000000,2,0.871173,0.0524994,0.85784
72,1000072,sga,credit,000000101000000,2,0.871173,0.0133333,0.85784
72,1000072,nsga2,letter,0000011111111111,11,0.956333,0.386006,0.887583
72,1000072,pso,letter,0000000111111111,9,0.947344,0.276575,0.891094
72,1000072,sga,letter,0000000111111111,9,0.947344,0.05625,0.891094
72,1000072,nsga2,triangle,0010010100100000,4,4,4,3.975
72,1000072,pso,triangle,0010011000100000,4,4,4,3.975
72,1000072,sga,triangle,1001000000011000,4,4,0.025,3.975
73,1000073,nsga2,breast,111001111,7,0.970122,0.221558,0.892344
73,1000073,pso,breast,010001000,2,0.95564,0.0887217,0.933418
73,1000073,sga,breast,010001000,2,0.95564,0.0222222,0.933418
73,1000073,nsga2,credit,001110001110111,9,0.891263,0.335393,0.831263
73,1000073,pso,credit,000000101000000,2,0.871173,0.0524994,0.85784
73,1000073,sga,credit,000100001100011,5,0.887117,0.0333333,0.853784
73,1000073,nsga2,letter,0000011111111111,11,0.956333,0.386006,0.887583
73,1000073,pso,letter,0000000111111111,9,0.947344,0.276575,0.891094
73,1000073,sga,letter,0000000111111111,9,0.947344,0.05625,0.891094
73,1000073,nsga2,triangle,0100010001100000,4,4,4,3.975
73,1000073,pso,triangle,0010100100001000,4,4,4,3.975
73,1000073,sga,triangle,0010000000001110,4,4,0.025,3.975
74,1000074,nsga2,breast,111001111,7,0.970122,0.221558,0.892344
74,1000074,pso,breast,010001000,2,0.95564,0.0887217,0.933418
74,1000074,sga,breast,010001000,2,0.95564,0.0222222,0.933418
74,1000074,nsga2,credit,001110001110111,9,0.891263,0.335393,0.831263
74,1000074,pso,credit,000000101000000,2,0.871173,0.0524994,0.85784
74,1000074,sga,credit,000000101000000,2,0.871173,0.0133333,0.85784
74,1000074,nsga2,letter,0000011111111111,11,0.956333,0.386006,0.887583
74,1000074,pso,letter,0000000111111111,9,0.947344,0.276575,0.891094
74,1000074,sga,letter,0000000111111111,9,0.947344,0.05625,0.891094
74,1000074,nsga2,triangle,0000001011000001,4,4,4,3.975
74,1000074,pso,triangle,1000011000000010,4,4,4,3.975
74,1000074,sga,triangle,0001010010000010,4,4,0.025,3.975
75,1000075,nsga2,breast,111001111,7,0.970122,0.221558,0.892344
75,1000075,pso,breast,010001000,2,0.95564,0.0887217,0.933418
75,1000075,sga,breast,010001000,2,0.95564,0.0222222,0.933418
75,1000075,nsga2,credit,001110001110111,9,0.891263,0.335393,0.831263
75,1000075,pso,credit,000000101000000,2,0.871173,0.0524994,0.85784
75,1000075,sga,credit,000000101000000,2,0.871173,0.0133333,0.85784
75,1000075,nsga2,letter,0000011111111111,11,0.956333,0.386006,0.887583
75,1000075,pso,letter,0000000111111111,9,0.947344,0.276575,0.891094
75,1000075,sga,letter,0000000111111111,9,0.947344,0.05625,0.891094
75,1000075,nsga2,triangle,0000110000011000,4,4,4,3.975
75,1000075,pso,triangle,0000100100000011,4,4,4,3.975
75,1000075,sga,triangle,0100000010010100,4,4,0.025,3.975
76,1000076,nsga2,breast,111001111,7,0.970122,0.221558,0.892344
76,1000076,pso,breast,010001000,2,0.95564,0.0887217,0.933418
76,1000076,sga,breast,010001000,2,0.95564,0.0222222,0.933418
76,1000076,nsga2,credit,001110001110111,9,0.891263,0.335393,0.831263
76,1000076,pso,credit,000000101000000,2,0.871173,0.0524994,0.85784
76,1000076,sga,credit,000000101000000,2,0.871173,0.0133333,0.85784
76,1000076,nsga2,letter,0000011111111111,11,0.956333,0.386006,0.887583
76,1000076,pso,letter,0000000111111111,9,0.947344,0.276575,0.891094
76,1000076,sga,letter,0000000111111111,9,0.947344,0.05625,0.891094
76,1000076,nsga2,triangle,0001001001000010,4,4,4,3.975
76,1000076,pso,triangle,0100010000010010,4,4,4,3.975
76,1000076,sga,triangle,0101010000100000,4,4,0.025,3.975
77,1000077,nsga2,breast,111001111,7,0.970122,0.221558,0.892344
77,1000077,pso,breast,010001000,2,0.95564,0.0887217,0.933418
77,1000077,sga,breast,010001000,2,0.95564,0.0222222,0.933418
77,1000077,nsga2,credit,001110001110111,9,0.891263,0.335393,0.831263
77,1000077,pso,credit,000000101000000,2,0.871173,0.0524994,0.85784
77,1000077,sga,credit,000000101000000,2,0.871173,0.0133333,0.85784
77,1000077,nsga2,letter,0000011111111111,11,0.956333,0.386006,0.887583
77,1000077,pso,letter,0000000111111111,9,0.947344,0.276575,0.891094
77,1000077,sga,letter,0000000111111111,9,0.947344,0.05625,0.891094
77,1000077,nsga2,triangle,0101000000110000,4,4,4,3.975
77,1000077,pso,triangle,0011100000000100,4,4,4,3.975
77,1000077,sga,triangle,0001010001000010,4,4,0.025,3.975
78,1000078,nsga2,breast,111001111,7,0.970122,0.221558,0.892344
78,1000078,pso,breast,010001000,2,0.95564,0.0887217,0.933418
78,1000078,sga,breast,010001000,2,0.95564,0.0222222,0.933418
78,1000078,nsga2,credit,001110001110111,9,0.891263,0.335393,0.831263
78,1000078,pso,credit,000000101000000,2,0.871173,0.0524994,0.85784
78,1000078,sga,credit,000100001100011,5,0.887117,0.0333333,0.853784
78,1000078,nsga2,letter,0000011111111111,11,0.956333,0.386006,0.887583
78,1000078,pso,letter,0000000111111111,9,0.947344,0.276575,0.891094
78,1000078,sga,letter,0000000111111111,9,0.947344,0.05625,0.891094
78,1000078,nsga2,triangle,0000001110000100,4,4,4,3.975
78,1000078,pso,triangle,1000010000101000,4,4,4,3.975
78,1000078,sga,triangle,0000100011000100,4,4,0.025,3.975
79,1000079,nsga2,breast,111001111,7,0.970122,0.221558,0.892344
79,1000079,pso,breast,010001000,2,0.95564,0.0887217,0.933418
79,1000079,sga,breast,010001000,2,0.95564,0.0222222,0.933418
79,1000079,nsga2,credit,001110001110111,9,0.891263,0.335393,0.831263
79,1000079,pso,credit,000000101000000,2,0.871173,0.0524994,0.85784
79,1000079,sga,credit,000000101000000,2,0.871173,0.0133333,0.85784
79,1000079,nsga2,letter,0000011111111111,11,0.956333,0.386006,0.887583
79,1000079,pso,letter,0000000111111111,9,0.947344,0.276575,0.891094
79,1000079,sga,letter,0000000111111111,9,0.947344,0.05625,0.891094
79,1000079,nsga2,triangle,0001001010010000,4,4,4,3.975
79,1000079,pso,triangle,0000000001010110,4,4,4,3.975
79,1000079,sga,triangle,1000001010010000,4,4,0.025,3.975
80,1000080,nsga2,breast,111001111,7,0.970122,0.221558,0.892344
80,1000080,pso,breast,010001000,2,0.95564,0.0887217,0.933418
80,1000080,sga,breast,010001000,2,0.95564,0.0222222,0.933418
80,1000080,nsga2,credit,001110001110111,9,0.891263,0.335393,0.831263
80,1000080,pso,credit,000000101000000,2,0.871173,0.0524994,0.85784
80,1000080,sga,credit,000000101000000,2,0.871173,0.0133333,0.85784
80,1000080,nsga2,letter,0000011111111111,11,0.956333,0.386006,0.887583
80,1000080,pso,letter,0000000111111111,9,0.947344,0.276575,0.891094
80,1000080,sga,letter,0000000111111111,9,0.947344,0.05625,0.891094
80,1000080,nsga2,triangle,0000100010000011,4,4,4,3.975
80,1000080,pso,triangle,0110100000010000,4,4,4,3.975
80,1000080,sga,triangle,0010001000001100,4,4,0.025,3.975
81,1000081,nsga2,breast,111001111,7,0.970122,0.221558,0.892344
81,1000081,pso,breast,010001000,2,0.95564,0.0887217,0.933418
81,1000081,sga,breast,010001000,2,0.95564,0.0222222,0.933418
81,1000081,nsga2,credit,001110001110111,9,0.891263,0.335393,0.831263
81,1000081,pso,credit,000000101000000,2,0.871173,0.0524994,0.85784
81,1000081,sga,credit,000000101000000,2,0.871173,0.0133333,0.85784
81,1000081,nsga2,letter,0000011111111111,11,0.956333,0.386006,0.887583
81,1000081,pso,letter,0000000111111111,9,0.947344,0.276575,0.891094
81,1000081,sga,letter,0000000111111111,9,0.947344,0.05625,0.891094
81,1000081,nsga2,triangle,0010011001000000,4,4,4,3.975
81,1000081,pso,triangle,0110001000000100,4,4,4,3.975
81,1000081,sga,triangle,1000100000010001,4,4,0.025,3.975
82,1000082,nsga2,breast,111001111,7,0.970122,0.221558,0.892344
82,1000082,pso,breast,010001000,2,0.95564,0.0887217,0.933418
82,1000082,sga,breast,010001000,2,0.95564,0.0222222,0.933418
82,1000082,nsga2,credit,001110001110111,9,0.891263,0.335393,0.831263
82,1000082,pso,credit,000000101000000,2,0.871173,0.0524994,0.85784
82,1000082,sga,credit,000000101000000,2,0.871173,0.0133333,0.85784
82,1000082,nsga2,letter,0000011111111111,11,0.956333,0.386006,0.887583
82,1000082,pso,letter,0000000111111111,9,0.947344,0.276575,0.891094
82,1000082,sga,letter,0000000111111111,9,0.947344,0.05625,0.891094
82,1000082,nsga2,triangle,0010110000000010,4,4,4,3.975
82,1000082,pso,triangle,0100100000100001,4,4,4,3.975
82,1000082,sga,triangle,1001000011000000,4,4,0.025,3.975
83,1000083,nsga2,breast,111001111,7,0.970122,0.221558,0.892344
83,1000083,pso,breast,010001000,2,0.95564,0.0887217,0.933418
83,1000083,sga,breast,010001000,2,0.95564,0.0222222,0.933418
83,1000083,nsga2,credit,001110001110111,9,0.891263,0.335393,0.831263
83,1000083,pso,credit,000000101000000,2,0.871173,0.0524994,0.85784
83,1000083,sga,credit,000100001100011,5,0.887117,0.0333333,0.853784
83,1000083,nsga2,letter,0000011111111111,11,0.956333,0.386006,0.887583
83,1000083,pso,letter,0000000111111111,9,0.947344,0.276575,0.891094
83,1000083,sga,letter,0000000111111111,9,0.947344,0.05625,0.891094
83,1000083,nsga2,triangle,0010100010010000,4,4,4,3.975
83,1000083,pso,triangle,0000100100100001,4,4,4,3.975
83,1000083,sga,triangle,0101000001010000,4,4,0.025,3.975
84,1000084,nsga2,breast,111001111,7,0.970122,0.221558,0.892344
84,1000084,pso,breast,010001000,2,0.95564,0.0887217,0.933418
84,1000084,sga,breast,010001000,2,0.95564,0.0222222,0.933418
84,1000084,nsga2,credit,001110001110111,9,0.891263,0.335393,0.831263
84,1000084,pso,credit,000000101000000,2,0.871173,0.0524994,0.85784
84,1000084,sga,credit,000000101000000,2,0.871173,0.0133333,0.85784
84,1000084,nsga2,letter,0000011111111111,11,0.956333,0.386006,0.887583
84,1000084,pso,letter,0000000111111111,9,0.947344,0.276575,0.891094
84,1000084,sga,letter,0000000111111111,9,0.947344,0.05625,0.891094
84,1000084,nsga2,triangle,1001000000000011,4,4,4,3.975
84,1000084,pso,triangle,0100000101000010,4,4,4,3.975
84,1000084,sga,triangle,0010000000101010,4,4,0.025,3.975
85,1000085,nsga2,breast,111001111,7,0.970122,0.221558,0.892344
85,1000085,pso,breast,010001000,2,0.95564,0.0887217,0.933418
85,1000085,sga,breast,010001000,2,0.95564,0.0222222,0.933418
85,1000085,nsga2,credit,001110001110111,9,0.891263,0.335393,0.831263
85,1000085,pso,credit,000000101000000,2,0.871173,0.0524994,0.85784
85,1000085,sga,credit,000000101000000,2,0.871173,0.0133333,0.85784
85,1000085,nsga2,letter,0000011111111111,11,0.956333,0.386006,0.887583
85,1000085,pso,letter,0000000111111111,9,0.947344,0.276575,0.891094
85,1000085,sga,letter,0000000111111111,9,0.947344,0.05625,0.891094
85,1000085,nsga2,triangle,1000010000000011,4,4,4,3.975
85,1000085,pso,triangle,0000001000001101,4,4,4,3.975
85,1000085,sga,triangle,0010000110000010,4,4,0.025,3.975
86,1000086,nsga2,breast,111001111,7,0.970122,0.221558,0.892344
86,1000086,pso,breast,010001000,2,0.95564,0.0887217,0.933418
86,1000086,sga,breast,010001000,2,0.95564,0.0222222,0.933418
86,1000086,nsga2,credit,001110001110111,9,0.891263,0.335393,0.831263
86,1000086,pso,credit,000000101000000,2,0.871173,0.0524994,0.85784
86,1000086,sga,credit,000000101000000,2,0.871173,0.0133333,0.85784
86,1000086,nsga2,letter,0000011111111111,11,0.956333,0.386006,0.887583
86,1000086,pso,letter,0000000111111111,9,0.947344,0.276575,0.891094
86,1000086,sga,letter,0000000111111111,9,0.947344,0.05625,0.891094
86,1000086,nsga2,triangle,0110110000000000,4,4,4,3.975
86,1000086,pso,triangle,1000000000101100,4,4,4,3.975
86,1000086,sga,triangle,0000001001001001,4,4,0.025,3.975
87,1000087,nsga2,breast,111001111,7,0.970122,0.221558,0.892344
87,1000087,pso,breast,010001000,2,0.95564,0.0887217,0.933418
87,1000087,sga,breast,010001000,2,0.95564,0.0222222,0.933418
87,1000087,nsga2,credit,001110001110111,9,0.891263,0.335393,0.831263
87,1000087,pso,credit,000000101000000,2,0.871173,0.0524994,0.85784
87,1000087,sga,credit,000000101000000,2,0.871173,0.0133333,0.85784
87,1000087,nsga2,letter,0000011111111111,11,0.956333,0.386006,0.887583
87,1000087,pso,letter,0000000111111111,9,0.947344,0.276575,0.891094
87,1000087,sga,letter,0000000111111111,9,0.947344,0.05625,0.891094
87,1000087,nsga2,triangle,0100001000100001,4,4,4,3.975
87,1000087,pso,triangle,1100000100100000,4,4,4,3.975
87,1000087,sga,triangle,0001000100100010,4,4,0.025,3.975
88,1000088,nsga2,breast,111001111,7,0.970122,0.221558,0.892344
88,1000088,pso,breast,010001000,2,0.95564,0.0887217,0.933418
88,1000088,sga,breast,010001000,2,0.95564,0.0222222,0.933418
88,1000088,nsga2,credit,001110001110111,9,0.891263,0.335393,0.831263
88,1000088,pso,credit,000000101000000,2,0.871173,0.0524994,0.85784
88,1000088,sga,credit,000000101000000,2,0.871173,0.0133333,0.85784
88,1000088,nsga2,letter,0000011111111111,11,0.956333,0.386006,0.887583
88,1000088,pso,letter,0000000111111111,9,0.947344,0.276575,0.891094
88,1000088,sga,letter,0000000111111111,9,0.947344,0.05625,0.891094
88,1000088,nsga2,triangle,0010001010100000,4,4,4,3.975
88,1000088,pso,triangle,0001010000001001,4,4,4,3.975
88,1000088,sga,triangle,0011000010001000,4,4,0.025,3.975
89,1000089,nsga2,breast,111001111,7,0.970122,0.221558,0.892344
89,1000089,pso,breast,010001000,2,0.95564,0.0887217,0.933418
89,1000089,sga,breast,010001000,2,0.95564,0.0222222,0.933418
89,1000089,nsga2,credit,001110001110111,9,0.891263,0.335393,0.831263
89,1000089,pso,credit,000000101000000,2,0.871173,0.0524994,0.85784
89,1000089,sga,credit,000000101000000,2,0.871173,0.0133333,0.85784
89,1000089,nsga2,letter,0000011111111111,11,0.956333,0.386006,0.887583
89,1000089,pso,letter,0000000111111111,9,0.947344,0.276575,0.891094
89,1000089,sga,letter,0000000111111111,9,0.947344,0.05625,0.891094
89,1000089,nsga2,triangle,0100000000011010,4,4,4,3.975
89,1000089,pso,triangle,0100000101010000,4,4,4,3.975
89,1000089,sga,triangle,0000010001010010,4,4,0.025,3.975
90,1000090,nsga2,breast,111001111,7,0.970122,0.221558,0.892344
90,1000090,pso,breast,010001000,2,0.95564,0.0887217,0.933418
90,1000090,sga,breast,010001000,2,0.95564,0.0222222,0.933418
90,1000090,nsga2,credit,001110001110111,9,0.891263,0.335393,0.831263
90,1000090,pso,credit,000000101000000,2,0.871173,0.0524994,0.85784
90,1000090,sga,credit,000000101000000,2,0.871173,0.0133333,0.85784
90,1000090,nsga2,letter,0000011111111111,11,0.956333,0.386006,0.887583
90,1000090,pso,letter,0000000111111111,9,0.947344,0.276575,0.891094
90,1000090,sga,letter,0000000111111111,9,0.947344,0.05625,0.891094
90,1000090,nsga2,triangle,0000011001001000,4,4,4,3.975
90,1000090,pso,triangle,0100000101100000,4,4,4,3.975
90,1000090,sga,triangle,1000000100001001,4,4,0.025,3.975
91,1000091,nsga2,breast,111001111,7,0.970122,0.221558,0.892344
91,1000091,pso,breast,010001000,2,0.95564,0.0887217,0.933418
91,1000091,sga,breast,010001000,2,0.95564,0.0222222,0.933418
91,1000091,nsga2,credit,001110001110111,9,0.891263,0.335393,0.831263
91,1000091,pso,credit,000000101000000,2,0.871173,0.0524994,0.85784
91,1000091,sga,credit,000000101000000,2,0.871173,0.0133333,0.85784
91,1000091,nsga2,letter,0000011111111111,11,0.956333,0.386006,0.887583
91,1000091,pso,letter,0000000111111111,9,0.947344,0.276575,0.891094
91,1000091,sga,letter,0000000111111111,9,0.947344,0.05625,0.891094
91,1000091,nsga2,triangle,0000100011001000,4,4,4,3.975
91,1000091,pso,triangle,0011001000010000,4,4,4,3.975
91,1000091,sga,triangle,0000000011001100,4,4,0.025,3.975
92,1000092,nsga2,breast,111001111,7,0.970122,0.221558,0.892344
92,1000092,pso,breast,010001000,2,0.95564,0.0887217,0.933418
92,1000092,sga,breast,010001000,2,0.95564,0.0222222,0.933418
92,1000092,nsga2,credit,001110001110111,9,0.891263,0.335393,0.831263
92,1000092,pso,credit,000000101000000,2,0.871173,0.0524994,0.85784
92,1000092,sga,credit,000100001100011,5,0.887117,0.0333333,0.853784
92,1000092,nsga2,letter,0000011111111111,11,0.956333,0.386006,0.887583
92,1000092,pso,letter,0000000111111111,9,0.947344,0.276575,0.891094
92,1000092,sga,letter,0000000111111111,9,0.947344,0.05625,0.891094
92,1000092,nsga2,triangle,1000000010011000,4,4,4,3.975
92,1000092,pso,triangle,1100000000001001,4,4,4,3.975
92,1000092,sga,triangle,0010100010001000,4,4,0.025,3.975
93,1000093,nsga2,breast,111001111,7,0.970122,0.221558,0.892344
93,1000093,pso,breast,010001000,2,0.95564,0.0887217,0.933418
93,1000093,sga,breast,010001000,2,0.95564,0.0222222,0.933418
93,1000093,nsga2,credit,001110001110111,9,0.891263,0.335393,0.831263
93,1000093,pso,credit,000000101000000,2,0.871173,0.0524994,0.85784
93,1000093,sga,credit,000000101000000,2,0.871173,0.0133333,0.85784
93,1000093,nsga2,letter,0000011111111111,11,0.956333,0.386006,0.887583
93,1000093,pso,letter,0000000111111111,9,0.947344,0.276575,0.891094
93,1000093,sga,letter,0000000111111111,9,0.947344,0.05625,0.891094
93,1000093,nsga2,triangle,0000001100001001,4,4,4,3.975
93,1000093,pso,triangle,0001000000011100,4,4,4,3.975
93,1000093,sga,triangle,0001010010001000,4,4,0.025,3.975
94,1000094,nsga2,breast,111001111,7,0.970122,0.221558,0.892344
94,1000094,pso,breast,010001000,2,0.95564,0.0887217,0.933418
94,1000094,sga,breast,010001000,2,0.95564,0.0222222,0.933418
94,1000094,nsga2,credit,001110001110111,9,0.891263,0.335393,0.831263
94,1000094,pso,credit,000000101000000,2,0.871173,0.0524994,0.85784
94,1000094,sga,credit,000000101000000,2,0.871173,0.0133333,0.85784
94,1000094,nsga2,letter,0000011111111111,11,0.956333,0.386006,0.887583
94,1000094,pso,letter,0000000111111111,9,0.947344,0.276575,0.891094
94,1000094,sga,letter,0000000111111111,9,0.947344,0.05625,0.891094
94,1000094,nsga2,triangle,0101000001000100,4,4,4,3.975
94,1000094,pso,triangle,0000011100000010,4,4,4,3.975
94,1000094,sga,triangle,0001010001000001,4,4,0.025,3.975
95,1000095,nsga2,breast,111001111,7,0.970122,0.221558,0.892344
95,1000095,pso,breast,010001000,2,0.95564,0.0887217,0.933418
95,1000095,sga,breast,010001000,2,0.95564,0.0222222,0.933418
95,1000095,nsga2,credit,001110001110111,9,0.891263,0.335393,0.831263
95,1000095,pso,credit,000000101000000,2,0.871173,0.0524994,0.85784
95,1000095,sga,credit,000100001100011,5,0.887117,0.0333333,0.853784
95,1000095,nsga2,letter,0000011111111111,11,0.956333,0.386006,0.887583
95,1000095,pso,letter,0000000111111111,9,0.947344,0.276575,0.891094
95,1000095,sga,letter,0000000111111111,9,0.947344,0.05625,0.891094
95,1000095,nsga2,triangle,0001110000000010,4,4,4,3.975
95,1000095,pso,triangle,0100000001001001,4,4,4,3.975
95,1000095,sga,triangle,1001010000000010,4,4,0.025,3.975
96,1000096,nsga2,breast,111001111,7,0.970122,0.221558,0.892344
96,1000096,pso,breast,010001000,2,0.95564,0.0887217,0.933418
96,1000096,sga,breast,010001000,2,0.95564,0.0222222,0.933418
96,1000096,nsga2,credit,001110001110111,9,0.891263,0.335393,0.831263
96,1000096,pso,credit,000000101000000,2,0.871173,0.0524994,0.85784
96,1000096,sga,credit,000000101000000,2,0.871173,0.0133333,0.85784
96,1000096,nsga2,letter,0000011111111111,11,0.956333,0.386006,0.887583
96,1000096,pso,letter,0000000111111111,9,0.947344,0.276575,0.891094
96,1000096,sga,letter,0000000111111111,9,0.947344,0.05625,0.891094
96,1000096,nsga2,triangle,0011000010000001,4,4,4,3.975
96,1000096,pso,triangle,0001100001001000,4,4,4,3.975
96,1000096,sga,triangle,0001001011000000,4,4,0.025,3.975
97,1000097,nsga2,breast,111001111,7,0.970122,0.221558,0.892344
97,1000097,pso,breast,010001000,2,0.95564,0.0887217,0.933418
97,1000097,sga,breast,100001010,3,0.966311,0.0333333,0.932978
97,1000097,nsga2,credit,001110001110111,9,0.891263,0.335393,0.831263
97,1000097,pso,credit,000000101000000,2,0.871173,0.0524994,0.85784
97,1000097,sga,credit,000000101000000,2,0.871173,0.0133333,0.85784
97,1000097,nsga2,letter,0000011111111111,11,0.956333,0.386006,0.887583
97,1000097,pso,letter,0000000111111111,9,0.947344,0.276575,0.891094
97,1000097,sga,letter,0000000111111111,9,0.947344,0.05625,0.891094
97,1000097,nsga2,triangle,0000000010011001,4,4,4,3.975
97,1000097,pso,triangle,0000010100100100,4,4,4,3.975
97,1000097,sga,triangle,0010010010100000,4,4,0.025,3.975
98,1000098,nsga2,breast,111001111,7,0.970122,0.221558,0.892344
98,1000098,pso,breast,010001000,2,0.95564,0.0887217,0.933418
98,1000098,sga,breast,010001000,2,0.95564,0.0222222,0.933418
98,1000098,nsga2,credit,001110001110111,9,0.891263,0.335393,0.831263
98,1000098,pso,credit,000000101000000,2,0.871173,0.0524994,0.85784
98,1000098,sga,credit,000000101000000,2,0.871173,0.0133333,0.85784
98,1000098,nsga2,letter,0000011111111111,11,0.956333,0.386006,0.887583
98,1000098,pso,letter,0000000111111111,9,0.947344,0.276575,0.891094
98,1000098,sga,letter,0000000111111111,9,0.947344,0.05625,0.891094
98,1000098,nsga2,triangle,0000000010001110,4,4,4,3.975
98,1000098,pso,triangle,0001100000100100,4,4,4,3.975
98,1000098,sga,triangle,0010010100000001,4,4,0.025,3.975
99,1000099,nsga2,breast,111001111,7,0.970122,0.221558,0.892344
99,1000099,pso,breast,010001000,2,0.95564,0.0887217,0.933418
99,1000099,sga,breast,010001000,2,0.95564,0.0222222,0.933418
99,1000099,nsga2,credit,001110001110111,9,0.891263,0.335393,0.831263
99,1000099,pso,credit,000000101000000,2,0.871173,0.0524994,0.85784
99,1000099,sga,credit,000000101000000,2,0.871173,0.0133333,0.85784
99,1000099,nsga2,letter,0000011111111111,11,0.956333,0.386006,0.887583
99,1000099,pso,letter,0000000111111111,9,0.947344,0.276575,0.891094
99,1000099,sga,letter,0000000111111111,9,0.947344,0.05625,0.891094
99,1000099,nsga2,triangle,1100000000001100,4,4,4,3.975
99,1000099,pso,triangle,1100000000010100,4,4,4,3.975
99,1000099,sga,triangle,0000001000010110,4,4,0.025,3.975
